time,det_valid,det_conf,det_t,det_u,det_v,det_w,det_h,det_theta,u_filtered,v_filtered,area_filtered,sin_filtered,cos_filtered,theta_filtered,e_u,e_v,e_area,e_theta,vx,vy,vz,wx,wy,wz
1773804247.7773015,False,,,,,,,,,,,,,,,,,,0.0,0.0,0.0,0.0,0.0,0.0
1773804247.7878418,False,,,,,,,,,,,,,,,,,,0.0,0.0,0.0,0.0,0.0,0.0
1773804247.7977166,False,,,,,,,,,,,,,,,,,,0.0,0.0,0.0,0.0,0.0,0.0
1773804247.807802,False,,,,,,,,,,,,,,,,,,0.0,0.0,0.0,0.0,0.0,0.0
1773804247.8176696,False,,,,,,,,,,,,,,,,,,0.0,0.0,0.0,0.0,0.0,0.0
1773804247.8278685,False,,,,,,,,,,,,,,,,,,0.0,0.0,0.0,0.0,0.0,0.0
1773804247.838185,False,,,,,,,,,,,,,,,,,,0.0,0.0,0.0,0.0,0.0,0.0
1773804247.847541,False,,,,,,,,,,,,,,,,,,0.0,0.0,0.0,0.0,0.0,0.0
1773804247.857838,False,,,,,,,,,,,,,,,,,,0.0,0.0,0.0,0.0,0.0,0.0
1773804247.867824,False,,,,,,,,,,,,,,,,,,0.0,0.0,0.0,0.0,0.0,0.0
1773804247.8780308,False,,,,,,,,,,,,,,,,,,0.0,0.0,0.0,0.0,0.0,0.0
1773804247.887774,False,,,,,,,,,,,,,,,,,,0.0,0.0,0.0,0.0,0.0,0.0
1773804247.8976376,False,,,,,,,,,,,,,,,,,,0.0,0.0,0.0,0.0,0.0,0.0
1773804247.9076428,False,,,,,,,,,,,,,,,,,,0.0,0.0,0.0,0.0,0.0,0.0
1773804247.9180636,False,,,,,,,,,,,,,,,,,,0.0,0.0,0.0,0.0,0.0,0.0
1773804247.9277334,False,,,,,,,,,,,,,,,,,,0.0,0.0,0.0,0.0,0.0,0.0
1773804247.9380953,False,,,,,,,,,,,,,,,,,,0.0,0.0,0.0,0.0,0.0,0.0
1773804247.948099,False,,,,,,,,,,,,,,,,,,0.0,0.0,0.0,0.0,0.0,0.0
1773804247.9576201,False,,,,,,,,,,,,,,,,,,0.0,0.0,0.0,0.0,0.0,0.0
1773804247.9680395,False,,,,,,,,,,,,,,,,,,0.0,0.0,0.0,0.0,0.0,0.0
1773804247.9779272,False,,,,,,,,,,,,,,,,,,0.0,0.0,0.0,0.0,0.0,0.0
1773804247.9877334,False,,,,,,,,,,,,,,,,,,0.0,0.0,0.0,0.0,0.0,0.0
1773804247.9979966,False,,,,,,,,,,,,,,,,,,0.0,0.0,0.0,0.0,0.0,0.0
1773804248.0079563,False,,,,,,,,,,,,,,,,,,0.0,0.0,0.0,0.0,0.0,0.0
1773804248.017846,False,,,,,,,,,,,,,,,,,,0.0,0.0,0.0,0.0,0.0,0.0
1773804248.0279057,False,,,,,,,,,,,,,,,,,,0.0,0.0,0.0,0.0,0.0,0.0
1773804248.0380764,False,,,,,,,,,,,,,,,,,,0.0,0.0,0.0,0.0,0.0,0.0
1773804248.0476587,False,,,,,,,,,,,,,,,,,,0.0,0.0,0.0,0.0,0.0,0.0
1773804248.0578961,False,,,,,,,,,,,,,,,,,,0.0,0.0,0.0,0.0,0.0,0.0
1773804248.0681717,False,,,,,,,,,,,,,,,,,,0.0,0.0,0.0,0.0,0.0,0.0
1773804248.0779552,False,,,,,,,,,,,,,,,,,,0.0,0.0,0.0,0.0,0.0,0.0
1773804248.087677,False,,,,,,,,,,,,,,,,,,0.0,0.0,0.0,0.0,0.0,0.0
1773804248.0981834,False,,,,,,,,,,,,,,,,,,0.0,0.0,0.0,0.0,0.0,0.0
1773804248.108121,False,,,,,,,,,,,,,,,,,,0.0,0.0,0.0,0.0,0.0,0.0
1773804248.1179652,False,,,,,,,,,,,,,,,,,,0.0,0.0,0.0,0.0,0.0,0.0
1773804248.1284018,False,,,,,,,,,,,,,,,,,,0.0,0.0,0.0,0.0,0.0,0.0
1773804248.137808,False,,,,,,,,,,,,,,,,,,0.0,0.0,0.0,0.0,0.0,0.0
1773804248.1477332,False,,,,,,,,,,,,,,,,,,0.0,0.0,0.0,0.0,0.0,0.0
1773804248.1577775,False,,,,,,,,,,,,,,,,,,0.0,0.0,0.0,0.0,0.0,0.0
1773804248.167639,False,,,,,,,,,,,,,,,,,,0.0,0.0,0.0,0.0,0.0,0.0
1773804248.1781251,False,,,,,,,,,,,,,,,,,,0.0,0.0,0.0,0.0,0.0,0.0
1773804248.1878076,False,,,,,,,,,,,,,,,,,,0.0,0.0,0.0,0.0,0.0,0.0
1773804248.1976306,False,,,,,,,,,,,,,,,,,,0.0,0.0,0.0,0.0,0.0,0.0
1773804248.2079058,False,,,,,,,,,,,,,,,,,,0.0,0.0,0.0,0.0,0.0,0.0
1773804248.2179363,False,,,,,,,,,,,,,,,,,,0.0,0.0,0.0,0.0,0.0,0.0
1773804248.2278516,False,,,,,,,,,,,,,,,,,,0.0,0.0,0.0,0.0,0.0,0.0
1773804248.2379782,False,,,,,,,,,,,,,,,,,,0.0,0.0,0.0,0.0,0.0,0.0
1773804248.247766,False,,,,,,,,,,,,,,,,,,0.0,0.0,0.0,0.0,0.0,0.0
1773804248.2577515,False,,,,,,,,,,,,,,,,,,0.0,0.0,0.0,0.0,0.0,0.0
1773804248.2677054,False,,,,,,,,,,,,,,,,,,0.0,0.0,0.0,0.0,0.0,0.0
1773804248.2778153,False,,,,,,,,,,,,,,,,,,0.0,0.0,0.0,0.0,0.0,0.0
1773804248.2879136,False,,,,,,,,,,,,,,,,,,0.0,0.0,0.0,0.0,0.0,0.0
1773804248.297525,False,,,,,,,,,,,,,,,,,,0.0,0.0,0.0,0.0,0.0,0.0
1773804248.3080266,False,,,,,,,,,,,,,,,,,,0.0,0.0,0.0,0.0,0.0,0.0
1773804248.3176916,False,,,,,,,,,,,,,,,,,,0.0,0.0,0.0,0.0,0.0,0.0
1773804248.327761,False,,,,,,,,,,,,,,,,,,0.0,0.0,0.0,0.0,0.0,0.0
1773804248.3375423,False,,,,,,,,,,,,,,,,,,0.0,0.0,0.0,0.0,0.0,0.0
1773804248.34808,False,,,,,,,,,,,,,,,,,,0.0,0.0,0.0,0.0,0.0,0.0
1773804248.357502,False,,,,,,,,,,,,,,,,,,0.0,0.0,0.0,0.0,0.0,0.0
1773804248.3680077,False,,,,,,,,,,,,,,,,,,0.0,0.0,0.0,0.0,0.0,0.0
1773804248.3778281,False,,,,,,,,,,,,,,,,,,0.0,0.0,0.0,0.0,0.0,0.0
1773804248.3877141,False,,,,,,,,,,,,,,,,,,0.0,0.0,0.0,0.0,0.0,0.0
1773804248.3980784,False,,,,,,,,,,,,,,,,,,0.0,0.0,0.0,0.0,0.0,0.0
1773804248.4079328,False,,,,,,,,,,,,,,,,,,0.0,0.0,0.0,0.0,0.0,0.0
1773804248.4179568,False,,,,,,,,,,,,,,,,,,0.0,0.0,0.0,0.0,0.0,0.0
1773804248.4278893,False,,,,,,,,,,,,,,,,,,0.0,0.0,0.0,0.0,0.0,0.0
1773804248.4380121,False,,,,,,,,,,,,,,,,,,0.0,0.0,0.0,0.0,0.0,0.0
1773804248.4478834,False,,,,,,,,,,,,,,,,,,0.0,0.0,0.0,0.0,0.0,0.0
1773804248.4580708,False,,,,,,,,,,,,,,,,,,0.0,0.0,0.0,0.0,0.0,0.0
1773804248.467804,False,,,,,,,,,,,,,,,,,,0.0,0.0,0.0,0.0,0.0,0.0
1773804248.4778945,False,,,,,,,,,,,,,,,,,,0.0,0.0,0.0,0.0,0.0,0.0
1773804248.487976,False,,,,,,,,,,,,,,,,,,0.0,0.0,0.0,0.0,0.0,0.0
1773804248.4976943,False,,,,,,,,,,,,,,,,,,0.0,0.0,0.0,0.0,0.0,0.0
1773804248.5078812,False,,,,,,,,,,,,,,,,,,0.0,0.0,0.0,0.0,0.0,0.0
1773804248.518176,False,,,,,,,,,,,,,,,,,,0.0,0.0,0.0,0.0,0.0,0.0
1773804248.528051,False,,,,,,,,,,,,,,,,,,0.0,0.0,0.0,0.0,0.0,0.0
1773804248.5383177,False,,,,,,,,,,,,,,,,,,0.0,0.0,0.0,0.0,0.0,0.0
1773804248.5476737,False,,,,,,,,,,,,,,,,,,0.0,0.0,0.0,0.0,0.0,0.0
1773804248.5577867,False,,,,,,,,,,,,,,,,,,0.0,0.0,0.0,0.0,0.0,0.0
1773804248.567869,False,,,,,,,,,,,,,,,,,,0.0,0.0,0.0,0.0,0.0,0.0
1773804248.577961,False,,,,,,,,,,,,,,,,,,0.0,0.0,0.0,0.0,0.0,0.0
1773804248.5877802,False,,,,,,,,,,,,,,,,,,0.0,0.0,0.0,0.0,0.0,0.0
1773804248.5975552,False,,,,,,,,,,,,,,,,,,0.0,0.0,0.0,0.0,0.0,0.0
1773804248.607929,False,,,,,,,,,,,,,,,,,,0.0,0.0,0.0,0.0,0.0,0.0
1773804248.6181176,False,,,,,,,,,,,,,,,,,,0.0,0.0,0.0,0.0,0.0,0.0
1773804248.628028,False,,,,,,,,,,,,,,,,,,0.0,0.0,0.0,0.0,0.0,0.0
1773804248.6379592,False,,,,,,,,,,,,,,,,,,0.0,0.0,0.0,0.0,0.0,0.0
1773804248.6480963,False,,,,,,,,,,,,,,,,,,0.0,0.0,0.0,0.0,0.0,0.0
1773804248.6575384,False,,,,,,,,,,,,,,,,,,0.0,0.0,0.0,0.0,0.0,0.0
1773804248.6676307,False,,,,,,,,,,,,,,,,,,0.0,0.0,0.0,0.0,0.0,0.0
1773804248.677691,False,,,,,,,,,,,,,,,,,,0.0,0.0,0.0,0.0,0.0,0.0
1773804248.6880302,False,,,,,,,,,,,,,,,,,,0.0,0.0,0.0,0.0,0.0,0.0
1773804248.6977084,False,,,,,,,,,,,,,,,,,,0.0,0.0,0.0,0.0,0.0,0.0
1773804248.7079575,False,,,,,,,,,,,,,,,,,,0.0,0.0,0.0,0.0,0.0,0.0
1773804248.7179532,False,,,,,,,,,,,,,,,,,,0.0,0.0,0.0,0.0,0.0,0.0
1773804248.727818,False,,,,,,,,,,,,,,,,,,0.0,0.0,0.0,0.0,0.0,0.0
1773804248.737993,False,,,,,,,,,,,,,,,,,,0.0,0.0,0.0,0.0,0.0,0.0
1773804248.7477899,False,,,,,,,,,,,,,,,,,,0.0,0.0,0.0,0.0,0.0,0.0
1773804248.7578828,False,,,,,,,,,,,,,,,,,,0.0,0.0,0.0,0.0,0.0,0.0
1773804248.7677803,False,,,,,,,,,,,,,,,,,,0.0,0.0,0.0,0.0,0.0,0.0
1773804248.7777803,False,,,,,,,,,,,,,,,,,,0.0,0.0,0.0,0.0,0.0,0.0
1773804248.7876625,False,,,,,,,,,,,,,,,,,,0.0,0.0,0.0,0.0,0.0,0.0
1773804248.7980037,False,,,,,,,,,,,,,,,,,,0.0,0.0,0.0,0.0,0.0,0.0
1773804248.8077939,False,,,,,,,,,,,,,,,,,,0.0,0.0,0.0,0.0,0.0,0.0
1773804248.8177588,False,,,,,,,,,,,,,,,,,,0.0,0.0,0.0,0.0,0.0,0.0
1773804248.8280356,False,,,,,,,,,,,,,,,,,,0.0,0.0,0.0,0.0,0.0,0.0
1773804248.8376997,False,,,,,,,,,,,,,,,,,,0.0,0.0,0.0,0.0,0.0,0.0
1773804248.8480713,False,,,,,,,,,,,,,,,,,,0.0,0.0,0.0,0.0,0.0,0.0
1773804248.8580525,False,,,,,,,,,,,,,,,,,,0.0,0.0,0.0,0.0,0.0,0.0
1773804248.8675253,False,,,,,,,,,,,,,,,,,,0.0,0.0,0.0,0.0,0.0,0.0
1773804248.8776202,False,,,,,,,,,,,,,,,,,,0.0,0.0,0.0,0.0,0.0,0.0
1773804248.8881118,False,,,,,,,,,,,,,,,,,,0.0,0.0,0.0,0.0,0.0,0.0
1773804248.897774,False,,,,,,,,,,,,,,,,,,0.0,0.0,0.0,0.0,0.0,0.0
1773804248.9077756,False,,,,,,,,,,,,,,,,,,0.0,0.0,0.0,0.0,0.0,0.0
1773804248.9180124,False,,,,,,,,,,,,,,,,,,0.0,0.0,0.0,0.0,0.0,0.0
1773804248.9276028,False,,,,,,,,,,,,,,,,,,0.0,0.0,0.0,0.0,0.0,0.0
1773804248.9377275,False,,,,,,,,,,,,,,,,,,0.0,0.0,0.0,0.0,0.0,0.0
1773804248.9481688,False,,,,,,,,,,,,,,,,,,0.0,0.0,0.0,0.0,0.0,0.0
1773804248.9579275,False,,,,,,,,,,,,,,,,,,0.0,0.0,0.0,0.0,0.0,0.0
1773804248.9680936,False,,,,,,,,,,,,,,,,,,0.0,0.0,0.0,0.0,0.0,0.0
1773804248.978255,False,,,,,,,,,,,,,,,,,,0.0,0.0,0.0,0.0,0.0,0.0
1773804248.9880815,False,,,,,,,,,,,,,,,,,,0.0,0.0,0.0,0.0,0.0,0.0
1773804248.9979315,False,,,,,,,,,,,,,,,,,,0.0,0.0,0.0,0.0,0.0,0.0
1773804249.0079136,False,,,,,,,,,,,,,,,,,,0.0,0.0,0.0,0.0,0.0,0.0
1773804249.0178256,False,,,,,,,,,,,,,,,,,,0.0,0.0,0.0,0.0,0.0,0.0
1773804249.027936,False,,,,,,,,,,,,,,,,,,0.0,0.0,0.0,0.0,0.0,0.0
1773804249.0378568,False,,,,,,,,,,,,,,,,,,0.0,0.0,0.0,0.0,0.0,0.0
1773804249.0480392,False,,,,,,,,,,,,,,,,,,0.0,0.0,0.0,0.0,0.0,0.0
1773804249.0580623,False,,,,,,,,,,,,,,,,,,0.0,0.0,0.0,0.0,0.0,0.0
1773804249.0680022,False,,,,,,,,,,,,,,,,,,0.0,0.0,0.0,0.0,0.0,0.0
1773804249.0776763,False,,,,,,,,,,,,,,,,,,0.0,0.0,0.0,0.0,0.0,0.0
1773804249.0880513,False,,,,,,,,,,,,,,,,,,0.0,0.0,0.0,0.0,0.0,0.0
1773804249.0982316,False,,,,,,,,,,,,,,,,,,0.0,0.0,0.0,0.0,0.0,0.0
1773804249.1080809,False,,,,,,,,,,,,,,,,,,0.0,0.0,0.0,0.0,0.0,0.0
1773804249.1183312,False,,,,,,,,,,,,,,,,,,0.0,0.0,0.0,0.0,0.0,0.0
1773804249.1282134,False,,,,,,,,,,,,,,,,,,0.0,0.0,0.0,0.0,0.0,0.0
1773804249.1379812,False,,,,,,,,,,,,,,,,,,0.0,0.0,0.0,0.0,0.0,0.0
1773804249.1478047,False,,,,,,,,,,,,,,,,,,0.0,0.0,0.0,0.0,0.0,0.0
1773804249.1581695,False,,,,,,,,,,,,,,,,,,0.0,0.0,0.0,0.0,0.0,0.0
1773804249.1676176,False,,,,,,,,,,,,,,,,,,0.0,0.0,0.0,0.0,0.0,0.0
1773804249.1777997,False,,,,,,,,,,,,,,,,,,0.0,0.0,0.0,0.0,0.0,0.0
1773804249.1881316,False,,,,,,,,,,,,,,,,,,0.0,0.0,0.0,0.0,0.0,0.0
1773804249.1980608,False,,,,,,,,,,,,,,,,,,0.0,0.0,0.0,0.0,0.0,0.0
1773804249.2076735,False,,,,,,,,,,,,,,,,,,0.0,0.0,0.0,0.0,0.0,0.0
1773804249.218163,False,,,,,,,,,,,,,,,,,,0.0,0.0,0.0,0.0,0.0,0.0
1773804249.2281716,False,,,,,,,,,,,,,,,,,,0.0,0.0,0.0,0.0,0.0,0.0
1773804249.238102,False,,,,,,,,,,,,,,,,,,0.0,0.0,0.0,0.0,0.0,0.0
1773804249.2481356,False,,,,,,,,,,,,,,,,,,0.0,0.0,0.0,0.0,0.0,0.0
1773804249.2576566,False,,,,,,,,,,,,,,,,,,0.0,0.0,0.0,0.0,0.0,0.0
1773804249.2677767,False,,,,,,,,,,,,,,,,,,0.0,0.0,0.0,0.0,0.0,0.0
1773804249.2774818,False,,,,,,,,,,,,,,,,,,0.0,0.0,0.0,0.0,0.0,0.0
1773804249.288237,False,,,,,,,,,,,,,,,,,,0.0,0.0,0.0,0.0,0.0,0.0
1773804249.2978659,False,,,,,,,,,,,,,,,,,,0.0,0.0,0.0,0.0,0.0,0.0
1773804249.3078341,False,,,,,,,,,,,,,,,,,,0.0,0.0,0.0,0.0,0.0,0.0
1773804249.3181975,False,,,,,,,,,,,,,,,,,,0.0,0.0,0.0,0.0,0.0,0.0
1773804249.327926,False,,,,,,,,,,,,,,,,,,0.0,0.0,0.0,0.0,0.0,0.0
1773804249.3379207,False,,,,,,,,,,,,,,,,,,0.0,0.0,0.0,0.0,0.0,0.0
1773804249.347651,False,,,,,,,,,,,,,,,,,,0.0,0.0,0.0,0.0,0.0,0.0
1773804249.3577673,False,,,,,,,,,,,,,,,,,,0.0,0.0,0.0,0.0,0.0,0.0
1773804249.3681746,False,,,,,,,,,,,,,,,,,,0.0,0.0,0.0,0.0,0.0,0.0
1773804249.377804,False,,,,,,,,,,,,,,,,,,0.0,0.0,0.0,0.0,0.0,0.0
1773804249.3880515,False,,,,,,,,,,,,,,,,,,0.0,0.0,0.0,0.0,0.0,0.0
1773804249.3979905,False,,,,,,,,,,,,,,,,,,0.0,0.0,0.0,0.0,0.0,0.0
1773804249.4081962,False,,,,,,,,,,,,,,,,,,0.0,0.0,0.0,0.0,0.0,0.0
1773804249.4184384,False,,,,,,,,,,,,,,,,,,0.0,0.0,0.0,0.0,0.0,0.0
1773804249.4279017,False,,,,,,,,,,,,,,,,,,0.0,0.0,0.0,0.0,0.0,0.0
1773804249.4382613,False,,,,,,,,,,,,,,,,,,0.0,0.0,0.0,0.0,0.0,0.0
1773804249.4483948,False,,,,,,,,,,,,,,,,,,0.0,0.0,0.0,0.0,0.0,0.0
1773804249.457899,False,,,,,,,,,,,,,,,,,,0.0,0.0,0.0,0.0,0.0,0.0
1773804249.4678261,False,,,,,,,,,,,,,,,,,,0.0,0.0,0.0,0.0,0.0,0.0
1773804249.477755,False,,,,,,,,,,,,,,,,,,0.0,0.0,0.0,0.0,0.0,0.0
1773804249.4878821,False,,,,,,,,,,,,,,,,,,0.0,0.0,0.0,0.0,0.0,0.0
1773804249.498217,False,,,,,,,,,,,,,,,,,,0.0,0.0,0.0,0.0,0.0,0.0
1773804249.5078847,False,,,,,,,,,,,,,,,,,,0.0,0.0,0.0,0.0,0.0,0.0
1773804249.518101,False,,,,,,,,,,,,,,,,,,0.0,0.0,0.0,0.0,0.0,0.0
1773804249.528061,False,,,,,,,,,,,,,,,,,,0.0,0.0,0.0,0.0,0.0,0.0
1773804249.5380344,False,,,,,,,,,,,,,,,,,,0.0,0.0,0.0,0.0,0.0,0.0
1773804249.5483184,False,,,,,,,,,,,,,,,,,,0.0,0.0,0.0,0.0,0.0,0.0
1773804249.5582433,False,,,,,,,,,,,,,,,,,,0.0,0.0,0.0,0.0,0.0,0.0
1773804249.568089,False,,,,,,,,,,,,,,,,,,0.0,0.0,0.0,0.0,0.0,0.0
1773804249.577961,False,,,,,,,,,,,,,,,,,,0.0,0.0,0.0,0.0,0.0,0.0
1773804249.5881329,False,,,,,,,,,,,,,,,,,,0.0,0.0,0.0,0.0,0.0,0.0
1773804249.5981276,False,,,,,,,,,,,,,,,,,,0.0,0.0,0.0,0.0,0.0,0.0
1773804249.60788,False,,,,,,,,,,,,,,,,,,0.0,0.0,0.0,0.0,0.0,0.0
1773804249.6183696,False,,,,,,,,,,,,,,,,,,0.0,0.0,0.0,0.0,0.0,0.0
1773804249.6276705,False,,,,,,,,,,,,,,,,,,0.0,0.0,0.0,0.0,0.0,0.0
1773804249.6381667,False,,,,,,,,,,,,,,,,,,0.0,0.0,0.0,0.0,0.0,0.0
1773804249.6477222,False,,,,,,,,,,,,,,,,,,0.0,0.0,0.0,0.0,0.0,0.0
1773804249.6582723,False,,,,,,,,,,,,,,,,,,0.0,0.0,0.0,0.0,0.0,0.0
1773804249.668246,False,,,,,,,,,,,,,,,,,,0.0,0.0,0.0,0.0,0.0,0.0
1773804249.6777992,False,,,,,,,,,,,,,,,,,,0.0,0.0,0.0,0.0,0.0,0.0
1773804249.6879652,False,,,,,,,,,,,,,,,,,,0.0,0.0,0.0,0.0,0.0,0.0
1773804249.6976283,False,,,,,,,,,,,,,,,,,,0.0,0.0,0.0,0.0,0.0,0.0
1773804249.7078543,False,,,,,,,,,,,,,,,,,,0.0,0.0,0.0,0.0,0.0,0.0
1773804249.71817,False,,,,,,,,,,,,,,,,,,0.0,0.0,0.0,0.0,0.0,0.0
1773804249.7279754,False,,,,,,,,,,,,,,,,,,0.0,0.0,0.0,0.0,0.0,0.0
1773804249.7379298,False,,,,,,,,,,,,,,,,,,0.0,0.0,0.0,0.0,0.0,0.0
1773804249.7481048,False,,,,,,,,,,,,,,,,,,0.0,0.0,0.0,0.0,0.0,0.0
1773804249.758081,False,,,,,,,,,,,,,,,,,,0.0,0.0,0.0,0.0,0.0,0.0
1773804249.7678483,False,,,,,,,,,,,,,,,,,,0.0,0.0,0.0,0.0,0.0,0.0
1773804249.7777529,False,,,,,,,,,,,,,,,,,,0.0,0.0,0.0,0.0,0.0,0.0
1773804249.7880578,False,,,,,,,,,,,,,,,,,,0.0,0.0,0.0,0.0,0.0,0.0
1773804249.7977755,False,,,,,,,,,,,,,,,,,,0.0,0.0,0.0,0.0,0.0,0.0
1773804249.807622,False,,,,,,,,,,,,,,,,,,0.0,0.0,0.0,0.0,0.0,0.0
1773804249.8178213,False,,,,,,,,,,,,,,,,,,0.0,0.0,0.0,0.0,0.0,0.0
1773804249.8277004,False,,,,,,,,,,,,,,,,,,0.0,0.0,0.0,0.0,0.0,0.0
1773804249.8378983,False,,,,,,,,,,,,,,,,,,0.0,0.0,0.0,0.0,0.0,0.0
1773804249.8481047,False,,,,,,,,,,,,,,,,,,0.0,0.0,0.0,0.0,0.0,0.0
1773804249.8580227,False,,,,,,,,,,,,,,,,,,0.0,0.0,0.0,0.0,0.0,0.0
1773804249.8676567,False,,,,,,,,,,,,,,,,,,0.0,0.0,0.0,0.0,0.0,0.0
1773804249.8777742,False,,,,,,,,,,,,,,,,,,0.0,0.0,0.0,0.0,0.0,0.0
1773804249.887845,False,,,,,,,,,,,,,,,,,,0.0,0.0,0.0,0.0,0.0,0.0
1773804249.89786,False,,,,,,,,,,,,,,,,,,0.0,0.0,0.0,0.0,0.0,0.0
1773804249.9077117,False,,,,,,,,,,,,,,,,,,0.0,0.0,0.0,0.0,0.0,0.0
1773804249.917737,False,,,,,,,,,,,,,,,,,,0.0,0.0,0.0,0.0,0.0,0.0
1773804249.927836,False,,,,,,,,,,,,,,,,,,0.0,0.0,0.0,0.0,0.0,0.0
1773804249.9378862,False,,,,,,,,,,,,,,,,,,0.0,0.0,0.0,0.0,0.0,0.0
1773804249.9479263,False,,,,,,,,,,,,,,,,,,0.0,0.0,0.0,0.0,0.0,0.0
1773804249.9576433,False,,,,,,,,,,,,,,,,,,0.0,0.0,0.0,0.0,0.0,0.0
1773804249.9676611,False,,,,,,,,,,,,,,,,,,0.0,0.0,0.0,0.0,0.0,0.0
1773804249.9783607,False,,,,,,,,,,,,,,,,,,0.0,0.0,0.0,0.0,0.0,0.0
1773804249.987787,False,,,,,,,,,,,,,,,,,,0.0,0.0,0.0,0.0,0.0,0.0
1773804249.998212,False,,,,,,,,,,,,,,,,,,0.0,0.0,0.0,0.0,0.0,0.0
1773804250.0078871,False,,,,,,,,,,,,,,,,,,0.0,0.0,0.0,0.0,0.0,0.0
1773804250.0182278,False,,,,,,,,,,,,,,,,,,0.0,0.0,0.0,0.0,0.0,0.0
1773804250.027725,False,,,,,,,,,,,,,,,,,,0.0,0.0,0.0,0.0,0.0,0.0
1773804250.0380468,False,,,,,,,,,,,,,,,,,,0.0,0.0,0.0,0.0,0.0,0.0
1773804250.0482543,False,,,,,,,,,,,,,,,,,,0.0,0.0,0.0,0.0,0.0,0.0
1773804250.0577383,False,,,,,,,,,,,,,,,,,,0.0,0.0,0.0,0.0,0.0,0.0
1773804250.067706,False,,,,,,,,,,,,,,,,,,0.0,0.0,0.0,0.0,0.0,0.0
1773804250.0778303,False,,,,,,,,,,,,,,,,,,0.0,0.0,0.0,0.0,0.0,0.0
1773804250.0880897,False,,,,,,,,,,,,,,,,,,0.0,0.0,0.0,0.0,0.0,0.0
1773804250.0979881,False,,,,,,,,,,,,,,,,,,0.0,0.0,0.0,0.0,0.0,0.0
1773804250.1075802,False,,,,,,,,,,,,,,,,,,0.0,0.0,0.0,0.0,0.0,0.0
1773804250.1179636,False,,,,,,,,,,,,,,,,,,0.0,0.0,0.0,0.0,0.0,0.0
1773804250.1279418,False,,,,,,,,,,,,,,,,,,0.0,0.0,0.0,0.0,0.0,0.0
1773804250.1381059,False,,,,,,,,,,,,,,,,,,0.0,0.0,0.0,0.0,0.0,0.0
1773804250.1480072,False,,,,,,,,,,,,,,,,,,0.0,0.0,0.0,0.0,0.0,0.0
1773804250.1577268,False,,,,,,,,,,,,,,,,,,0.0,0.0,0.0,0.0,0.0,0.0
1773804250.167845,False,,,,,,,,,,,,,,,,,,0.0,0.0,0.0,0.0,0.0,0.0
1773804250.178057,False,,,,,,,,,,,,,,,,,,0.0,0.0,0.0,0.0,0.0,0.0
1773804250.187913,False,,,,,,,,,,,,,,,,,,0.0,0.0,0.0,0.0,0.0,0.0
1773804250.1978478,False,,,,,,,,,,,,,,,,,,0.0,0.0,0.0,0.0,0.0,0.0
1773804250.2082465,False,,,,,,,,,,,,,,,,,,0.0,0.0,0.0,0.0,0.0,0.0
1773804250.2180672,False,,,,,,,,,,,,,,,,,,0.0,0.0,0.0,0.0,0.0,0.0
1773804250.2280815,False,,,,,,,,,,,,,,,,,,0.0,0.0,0.0,0.0,0.0,0.0
1773804250.2379658,False,,,,,,,,,,,,,,,,,,0.0,0.0,0.0,0.0,0.0,0.0
1773804250.2479837,False,,,,,,,,,,,,,,,,,,0.0,0.0,0.0,0.0,0.0,0.0
1773804250.2581851,False,,,,,,,,,,,,,,,,,,0.0,0.0,0.0,0.0,0.0,0.0
1773804250.2674403,False,,,,,,,,,,,,,,,,,,0.0,0.0,0.0,0.0,0.0,0.0
1773804250.278135,False,,,,,,,,,,,,,,,,,,0.0,0.0,0.0,0.0,0.0,0.0
1773804250.2880664,False,,,,,,,,,,,,,,,,,,0.0,0.0,0.0,0.0,0.0,0.0
1773804250.2980313,False,,,,,,,,,,,,,,,,,,0.0,0.0,0.0,0.0,0.0,0.0
1773804250.3080835,False,,,,,,,,,,,,,,,,,,0.0,0.0,0.0,0.0,0.0,0.0
1773804250.3179305,False,,,,,,,,,,,,,,,,,,0.0,0.0,0.0,0.0,0.0,0.0
1773804250.3281727,False,,,,,,,,,,,,,,,,,,0.0,0.0,0.0,0.0,0.0,0.0
1773804250.3381746,False,,,,,,,,,,,,,,,,,,0.0,0.0,0.0,0.0,0.0,0.0
1773804250.3476877,False,,,,,,,,,,,,,,,,,,0.0,0.0,0.0,0.0,0.0,0.0
1773804250.357992,False,,,,,,,,,,,,,,,,,,0.0,0.0,0.0,0.0,0.0,0.0
1773804250.3678987,False,,,,,,,,,,,,,,,,,,0.0,0.0,0.0,0.0,0.0,0.0
1773804250.3779519,False,,,,,,,,,,,,,,,,,,0.0,0.0,0.0,0.0,0.0,0.0
1773804250.3879497,False,,,,,,,,,,,,,,,,,,0.0,0.0,0.0,0.0,0.0,0.0
1773804250.3979347,False,,,,,,,,,,,,,,,,,,0.0,0.0,0.0,0.0,0.0,0.0
1773804250.4079206,False,,,,,,,,,,,,,,,,,,0.0,0.0,0.0,0.0,0.0,0.0
1773804250.4175687,False,,,,,,,,,,,,,,,,,,0.0,0.0,0.0,0.0,0.0,0.0
1773804250.4278967,False,,,,,,,,,,,,,,,,,,0.0,0.0,0.0,0.0,0.0,0.0
1773804250.4378545,False,,,,,,,,,,,,,,,,,,0.0,0.0,0.0,0.0,0.0,0.0
1773804250.447962,False,,,,,,,,,,,,,,,,,,0.0,0.0,0.0,0.0,0.0,0.0
1773804250.4578176,False,,,,,,,,,,,,,,,,,,0.0,0.0,0.0,0.0,0.0,0.0
1773804250.4680712,False,,,,,,,,,,,,,,,,,,0.0,0.0,0.0,0.0,0.0,0.0
1773804250.4779894,False,,,,,,,,,,,,,,,,,,0.0,0.0,0.0,0.0,0.0,0.0
1773804250.4876592,False,,,,,,,,,,,,,,,,,,0.0,0.0,0.0,0.0,0.0,0.0
1773804250.4974785,False,,,,,,,,,,,,,,,,,,0.0,0.0,0.0,0.0,0.0,0.0
1773804250.5079305,False,,,,,,,,,,,,,,,,,,0.0,0.0,0.0,0.0,0.0,0.0
1773804250.5177386,False,,,,,,,,,,,,,,,,,,0.0,0.0,0.0,0.0,0.0,0.0
1773804250.527749,False,,,,,,,,,,,,,,,,,,0.0,0.0,0.0,0.0,0.0,0.0
1773804250.5378056,False,,,,,,,,,,,,,,,,,,0.0,0.0,0.0,0.0,0.0,0.0
1773804250.5481217,False,,,,,,,,,,,,,,,,,,0.0,0.0,0.0,0.0,0.0,0.0
1773804250.5579617,False,,,,,,,,,,,,,,,,,,0.0,0.0,0.0,0.0,0.0,0.0
1773804250.5674698,False,,,,,,,,,,,,,,,,,,0.0,0.0,0.0,0.0,0.0,0.0
1773804250.5777116,False,,,,,,,,,,,,,,,,,,0.0,0.0,0.0,0.0,0.0,0.0
1773804250.5875974,False,,,,,,,,,,,,,,,,,,0.0,0.0,0.0,0.0,0.0,0.0
1773804250.59791,False,,,,,,,,,,,,,,,,,,0.0,0.0,0.0,0.0,0.0,0.0
1773804250.6081116,False,,,,,,,,,,,,,,,,,,0.0,0.0,0.0,0.0,0.0,0.0
1773804250.6178288,False,,,,,,,,,,,,,,,,,,0.0,0.0,0.0,0.0,0.0,0.0
1773804250.6280255,False,,,,,,,,,,,,,,,,,,0.0,0.0,0.0,0.0,0.0,0.0
1773804250.637925,False,,,,,,,,,,,,,,,,,,0.0,0.0,0.0,0.0,0.0,0.0
1773804250.6475942,False,,,,,,,,,,,,,,,,,,0.0,0.0,0.0,0.0,0.0,0.0
1773804250.6580198,False,,,,,,,,,,,,,,,,,,0.0,0.0,0.0,0.0,0.0,0.0
1773804250.667728,False,,,,,,,,,,,,,,,,,,0.0,0.0,0.0,0.0,0.0,0.0
1773804250.6776175,False,,,,,,,,,,,,,,,,,,0.0,0.0,0.0,0.0,0.0,0.0
1773804250.6880438,False,,,,,,,,,,,,,,,,,,0.0,0.0,0.0,0.0,0.0,0.0
1773804250.6976848,False,,,,,,,,,,,,,,,,,,0.0,0.0,0.0,0.0,0.0,0.0
1773804250.7081108,False,,,,,,,,,,,,,,,,,,0.0,0.0,0.0,0.0,0.0,0.0
1773804250.7179816,False,,,,,,,,,,,,,,,,,,0.0,0.0,0.0,0.0,0.0,0.0
1773804250.728058,False,,,,,,,,,,,,,,,,,,0.0,0.0,0.0,0.0,0.0,0.0
1773804250.7374616,False,,,,,,,,,,,,,,,,,,0.0,0.0,0.0,0.0,0.0,0.0
1773804250.748367,False,,,,,,,,,,,,,,,,,,0.0,0.0,0.0,0.0,0.0,0.0
1773804250.7575798,False,,,,,,,,,,,,,,,,,,0.0,0.0,0.0,0.0,0.0,0.0
1773804250.7680295,False,,,,,,,,,,,,,,,,,,0.0,0.0,0.0,0.0,0.0,0.0
1773804250.7780778,False,,,,,,,,,,,,,,,,,,0.0,0.0,0.0,0.0,0.0,0.0
1773804250.788093,False,,,,,,,,,,,,,,,,,,0.0,0.0,0.0,0.0,0.0,0.0
1773804250.7975638,False,,,,,,,,,,,,,,,,,,0.0,0.0,0.0,0.0,0.0,0.0
1773804250.807863,False,,,,,,,,,,,,,,,,,,0.0,0.0,0.0,0.0,0.0,0.0
1773804250.817704,False,,,,,,,,,,,,,,,,,,0.0,0.0,0.0,0.0,0.0,0.0
1773804250.8281631,False,,,,,,,,,,,,,,,,,,0.0,0.0,0.0,0.0,0.0,0.0
1773804250.8378425,False,,,,,,,,,,,,,,,,,,0.0,0.0,0.0,0.0,0.0,0.0
1773804250.8481634,False,,,,,,,,,,,,,,,,,,0.0,0.0,0.0,0.0,0.0,0.0
1773804250.8581302,False,,,,,,,,,,,,,,,,,,0.0,0.0,0.0,0.0,0.0,0.0
1773804250.8682237,False,,,,,,,,,,,,,,,,,,0.0,0.0,0.0,0.0,0.0,0.0
1773804250.8779435,False,,,,,,,,,,,,,,,,,,0.0,0.0,0.0,0.0,0.0,0.0
1773804250.8879118,False,,,,,,,,,,,,,,,,,,0.0,0.0,0.0,0.0,0.0,0.0
1773804250.8976214,False,,,,,,,,,,,,,,,,,,0.0,0.0,0.0,0.0,0.0,0.0
1773804250.90791,False,,,,,,,,,,,,,,,,,,0.0,0.0,0.0,0.0,0.0,0.0
1773804250.9178803,False,,,,,,,,,,,,,,,,,,0.0,0.0,0.0,0.0,0.0,0.0
1773804250.9277022,False,,,,,,,,,,,,,,,,,,0.0,0.0,0.0,0.0,0.0,0.0
1773804250.9377553,False,,,,,,,,,,,,,,,,,,0.0,0.0,0.0,0.0,0.0,0.0
1773804250.9481866,False,,,,,,,,,,,,,,,,,,0.0,0.0,0.0,0.0,0.0,0.0
1773804250.9575775,False,,,,,,,,,,,,,,,,,,0.0,0.0,0.0,0.0,0.0,0.0
1773804250.9682114,False,,,,,,,,,,,,,,,,,,0.0,0.0,0.0,0.0,0.0,0.0
1773804250.9781394,False,,,,,,,,,,,,,,,,,,0.0,0.0,0.0,0.0,0.0,0.0
1773804250.9877129,False,,,,,,,,,,,,,,,,,,0.0,0.0,0.0,0.0,0.0,0.0
1773804250.9976192,False,,,,,,,,,,,,,,,,,,0.0,0.0,0.0,0.0,0.0,0.0
1773804251.0079315,False,,,,,,,,,,,,,,,,,,0.0,0.0,0.0,0.0,0.0,0.0
1773804251.0178607,False,,,,,,,,,,,,,,,,,,0.0,0.0,0.0,0.0,0.0,0.0
1773804251.0277903,False,,,,,,,,,,,,,,,,,,0.0,0.0,0.0,0.0,0.0,0.0
1773804251.038026,False,,,,,,,,,,,,,,,,,,0.0,0.0,0.0,0.0,0.0,0.0
1773804251.0476534,False,,,,,,,,,,,,,,,,,,0.0,0.0,0.0,0.0,0.0,0.0
1773804251.0579708,False,,,,,,,,,,,,,,,,,,0.0,0.0,0.0,0.0,0.0,0.0
1773804251.0679865,False,,,,,,,,,,,,,,,,,,0.0,0.0,0.0,0.0,0.0,0.0
1773804251.077655,False,,,,,,,,,,,,,,,,,,0.0,0.0,0.0,0.0,0.0,0.0
1773804251.0879457,False,,,,,,,,,,,,,,,,,,0.0,0.0,0.0,0.0,0.0,0.0
1773804251.0978186,False,,,,,,,,,,,,,,,,,,0.0,0.0,0.0,0.0,0.0,0.0
1773804251.1082227,False,,,,,,,,,,,,,,,,,,0.0,0.0,0.0,0.0,0.0,0.0
1773804251.118036,False,,,,,,,,,,,,,,,,,,0.0,0.0,0.0,0.0,0.0,0.0
1773804251.1285179,False,,,,,,,,,,,,,,,,,,0.0,0.0,0.0,0.0,0.0,0.0
1773804251.1384308,False,,,,,,,,,,,,,,,,,,0.0,0.0,0.0,0.0,0.0,0.0
1773804251.1478584,False,,,,,,,,,,,,,,,,,,0.0,0.0,0.0,0.0,0.0,0.0
1773804251.1582434,False,,,,,,,,,,,,,,,,,,0.0,0.0,0.0,0.0,0.0,0.0
1773804251.1680865,False,,,,,,,,,,,,,,,,,,0.0,0.0,0.0,0.0,0.0,0.0
1773804251.1783936,False,,,,,,,,,,,,,,,,,,0.0,0.0,0.0,0.0,0.0,0.0
1773804251.1879117,False,,,,,,,,,,,,,,,,,,0.0,0.0,0.0,0.0,0.0,0.0
1773804251.1981075,False,,,,,,,,,,,,,,,,,,0.0,0.0,0.0,0.0,0.0,0.0
1773804251.208353,False,,,,,,,,,,,,,,,,,,0.0,0.0,0.0,0.0,0.0,0.0
1773804251.2182028,False,,,,,,,,,,,,,,,,,,0.0,0.0,0.0,0.0,0.0,0.0
1773804251.2283728,False,,,,,,,,,,,,,,,,,,0.0,0.0,0.0,0.0,0.0,0.0
1773804251.2379725,False,,,,,,,,,,,,,,,,,,0.0,0.0,0.0,0.0,0.0,0.0
1773804251.2478125,False,,,,,,,,,,,,,,,,,,0.0,0.0,0.0,0.0,0.0,0.0
1773804251.257983,False,,,,,,,,,,,,,,,,,,0.0,0.0,0.0,0.0,0.0,0.0
1773804251.267813,False,,,,,,,,,,,,,,,,,,0.0,0.0,0.0,0.0,0.0,0.0
1773804251.2781928,False,,,,,,,,,,,,,,,,,,0.0,0.0,0.0,0.0,0.0,0.0
1773804251.2878113,False,,,,,,,,,,,,,,,,,,0.0,0.0,0.0,0.0,0.0,0.0
1773804251.2980852,False,,,,,,,,,,,,,,,,,,0.0,0.0,0.0,0.0,0.0,0.0
1773804251.3079576,False,,,,,,,,,,,,,,,,,,0.0,0.0,0.0,0.0,0.0,0.0
1773804251.3178525,False,,,,,,,,,,,,,,,,,,0.0,0.0,0.0,0.0,0.0,0.0
1773804251.327834,False,,,,,,,,,,,,,,,,,,0.0,0.0,0.0,0.0,0.0,0.0
1773804251.3378844,False,,,,,,,,,,,,,,,,,,0.0,0.0,0.0,0.0,0.0,0.0
1773804251.3478196,False,,,,,,,,,,,,,,,,,,0.0,0.0,0.0,0.0,0.0,0.0
1773804251.3580298,False,,,,,,,,,,,,,,,,,,0.0,0.0,0.0,0.0,0.0,0.0
1773804251.3679283,False,,,,,,,,,,,,,,,,,,0.0,0.0,0.0,0.0,0.0,0.0
1773804251.377753,False,,,,,,,,,,,,,,,,,,0.0,0.0,0.0,0.0,0.0,0.0
1773804251.3878326,False,,,,,,,,,,,,,,,,,,0.0,0.0,0.0,0.0,0.0,0.0
1773804251.3984225,False,,,,,,,,,,,,,,,,,,0.0,0.0,0.0,0.0,0.0,0.0
1773804251.407996,False,,,,,,,,,,,,,,,,,,0.0,0.0,0.0,0.0,0.0,0.0
1773804251.418045,False,,,,,,,,,,,,,,,,,,0.0,0.0,0.0,0.0,0.0,0.0
1773804251.427901,False,,,,,,,,,,,,,,,,,,0.0,0.0,0.0,0.0,0.0,0.0
1773804251.4380498,False,,,,,,,,,,,,,,,,,,0.0,0.0,0.0,0.0,0.0,0.0
1773804251.4478061,False,,,,,,,,,,,,,,,,,,0.0,0.0,0.0,0.0,0.0,0.0
1773804251.4582472,False,,,,,,,,,,,,,,,,,,0.0,0.0,0.0,0.0,0.0,0.0
1773804251.4681573,False,,,,,,,,,,,,,,,,,,0.0,0.0,0.0,0.0,0.0,0.0
1773804251.4778812,False,,,,,,,,,,,,,,,,,,0.0,0.0,0.0,0.0,0.0,0.0
1773804251.488121,False,,,,,,,,,,,,,,,,,,0.0,0.0,0.0,0.0,0.0,0.0
1773804251.497873,False,,,,,,,,,,,,,,,,,,0.0,0.0,0.0,0.0,0.0,0.0
1773804251.5081458,False,,,,,,,,,,,,,,,,,,0.0,0.0,0.0,0.0,0.0,0.0
1773804251.517846,False,,,,,,,,,,,,,,,,,,0.0,0.0,0.0,0.0,0.0,0.0
1773804251.5275888,False,,,,,,,,,,,,,,,,,,0.0,0.0,0.0,0.0,0.0,0.0
1773804251.5378566,False,,,,,,,,,,,,,,,,,,0.0,0.0,0.0,0.0,0.0,0.0
1773804251.5480564,False,,,,,,,,,,,,,,,,,,0.0,0.0,0.0,0.0,0.0,0.0
1773804251.557806,False,,,,,,,,,,,,,,,,,,0.0,0.0,0.0,0.0,0.0,0.0
1773804251.568235,False,,,,,,,,,,,,,,,,,,0.0,0.0,0.0,0.0,0.0,0.0
1773804251.5779333,False,,,,,,,,,,,,,,,,,,0.0,0.0,0.0,0.0,0.0,0.0
1773804251.5883043,False,,,,,,,,,,,,,,,,,,0.0,0.0,0.0,0.0,0.0,0.0
1773804251.5976758,False,,,,,,,,,,,,,,,,,,0.0,0.0,0.0,0.0,0.0,0.0
1773804251.6080403,False,,,,,,,,,,,,,,,,,,0.0,0.0,0.0,0.0,0.0,0.0
1773804251.6178577,False,,,,,,,,,,,,,,,,,,0.0,0.0,0.0,0.0,0.0,0.0
1773804251.6282268,False,,,,,,,,,,,,,,,,,,0.0,0.0,0.0,0.0,0.0,0.0
1773804251.6378062,False,,,,,,,,,,,,,,,,,,0.0,0.0,0.0,0.0,0.0,0.0
1773804251.648036,False,,,,,,,,,,,,,,,,,,0.0,0.0,0.0,0.0,0.0,0.0
1773804251.6576297,False,,,,,,,,,,,,,,,,,,0.0,0.0,0.0,0.0,0.0,0.0
1773804251.6680725,False,,,,,,,,,,,,,,,,,,0.0,0.0,0.0,0.0,0.0,0.0
1773804251.6780539,False,,,,,,,,,,,,,,,,,,0.0,0.0,0.0,0.0,0.0,0.0
1773804251.687831,False,,,,,,,,,,,,,,,,,,0.0,0.0,0.0,0.0,0.0,0.0
1773804251.6978261,False,,,,,,,,,,,,,,,,,,0.0,0.0,0.0,0.0,0.0,0.0
1773804251.7078056,False,,,,,,,,,,,,,,,,,,0.0,0.0,0.0,0.0,0.0,0.0
1773804251.717656,False,,,,,,,,,,,,,,,,,,0.0,0.0,0.0,0.0,0.0,0.0
1773804251.7277129,False,,,,,,,,,,,,,,,,,,0.0,0.0,0.0,0.0,0.0,0.0
1773804251.738285,False,,,,,,,,,,,,,,,,,,0.0,0.0,0.0,0.0,0.0,0.0
1773804251.7480462,False,,,,,,,,,,,,,,,,,,0.0,0.0,0.0,0.0,0.0,0.0
1773804251.7575812,False,,,,,,,,,,,,,,,,,,0.0,0.0,0.0,0.0,0.0,0.0
1773804251.7677517,False,,,,,,,,,,,,,,,,,,0.0,0.0,0.0,0.0,0.0,0.0
1773804251.777877,False,,,,,,,,,,,,,,,,,,0.0,0.0,0.0,0.0,0.0,0.0
1773804251.7879562,False,,,,,,,,,,,,,,,,,,0.0,0.0,0.0,0.0,0.0,0.0
1773804251.7981071,False,,,,,,,,,,,,,,,,,,0.0,0.0,0.0,0.0,0.0,0.0
1773804251.8077502,False,,,,,,,,,,,,,,,,,,0.0,0.0,0.0,0.0,0.0,0.0
1773804251.81787,False,,,,,,,,,,,,,,,,,,0.0,0.0,0.0,0.0,0.0,0.0
1773804251.8277857,False,,,,,,,,,,,,,,,,,,0.0,0.0,0.0,0.0,0.0,0.0
1773804251.8377461,False,,,,,,,,,,,,,,,,,,0.0,0.0,0.0,0.0,0.0,0.0
1773804251.8482068,False,,,,,,,,,,,,,,,,,,0.0,0.0,0.0,0.0,0.0,0.0
1773804251.8577166,False,,,,,,,,,,,,,,,,,,0.0,0.0,0.0,0.0,0.0,0.0
1773804251.868111,False,,,,,,,,,,,,,,,,,,0.0,0.0,0.0,0.0,0.0,0.0
1773804251.8777761,False,,,,,,,,,,,,,,,,,,0.0,0.0,0.0,0.0,0.0,0.0
1773804251.8878987,False,,,,,,,,,,,,,,,,,,0.0,0.0,0.0,0.0,0.0,0.0
1773804251.8979228,False,,,,,,,,,,,,,,,,,,0.0,0.0,0.0,0.0,0.0,0.0
1773804251.9077375,False,,,,,,,,,,,,,,,,,,0.0,0.0,0.0,0.0,0.0,0.0
1773804251.917712,False,,,,,,,,,,,,,,,,,,0.0,0.0,0.0,0.0,0.0,0.0
1773804251.9280665,False,,,,,,,,,,,,,,,,,,0.0,0.0,0.0,0.0,0.0,0.0
1773804251.9376616,False,,,,,,,,,,,,,,,,,,0.0,0.0,0.0,0.0,0.0,0.0
1773804251.948179,False,,,,,,,,,,,,,,,,,,0.0,0.0,0.0,0.0,0.0,0.0
1773804251.958222,False,,,,,,,,,,,,,,,,,,0.0,0.0,0.0,0.0,0.0,0.0
1773804251.9680371,False,,,,,,,,,,,,,,,,,,0.0,0.0,0.0,0.0,0.0,0.0
1773804251.9778275,False,,,,,,,,,,,,,,,,,,0.0,0.0,0.0,0.0,0.0,0.0
1773804251.9878783,False,,,,,,,,,,,,,,,,,,0.0,0.0,0.0,0.0,0.0,0.0
1773804251.9977694,False,,,,,,,,,,,,,,,,,,0.0,0.0,0.0,0.0,0.0,0.0
1773804252.0082889,False,,,,,,,,,,,,,,,,,,0.0,0.0,0.0,0.0,0.0,0.0
1773804252.0177147,False,,,,,,,,,,,,,,,,,,0.0,0.0,0.0,0.0,0.0,0.0
1773804252.0281231,False,,,,,,,,,,,,,,,,,,0.0,0.0,0.0,0.0,0.0,0.0
1773804252.0380874,False,,,,,,,,,,,,,,,,,,0.0,0.0,0.0,0.0,0.0,0.0
1773804252.0478039,False,,,,,,,,,,,,,,,,,,0.0,0.0,0.0,0.0,0.0,0.0
1773804252.0582087,False,,,,,,,,,,,,,,,,,,0.0,0.0,0.0,0.0,0.0,0.0
1773804252.0678282,False,,,,,,,,,,,,,,,,,,0.0,0.0,0.0,0.0,0.0,0.0
1773804252.0778608,False,,,,,,,,,,,,,,,,,,0.0,0.0,0.0,0.0,0.0,0.0
1773804252.0881085,False,,,,,,,,,,,,,,,,,,0.0,0.0,0.0,0.0,0.0,0.0
1773804252.097994,False,,,,,,,,,,,,,,,,,,0.0,0.0,0.0,0.0,0.0,0.0
1773804252.1081648,False,,,,,,,,,,,,,,,,,,0.0,0.0,0.0,0.0,0.0,0.0
1773804252.1179268,False,,,,,,,,,,,,,,,,,,0.0,0.0,0.0,0.0,0.0,0.0
1773804252.128194,False,,,,,,,,,,,,,,,,,,0.0,0.0,0.0,0.0,0.0,0.0
1773804252.1379325,False,,,,,,,,,,,,,,,,,,0.0,0.0,0.0,0.0,0.0,0.0
1773804252.1482244,False,,,,,,,,,,,,,,,,,,0.0,0.0,0.0,0.0,0.0,0.0
1773804252.1580915,False,,,,,,,,,,,,,,,,,,0.0,0.0,0.0,0.0,0.0,0.0
1773804252.1679692,False,,,,,,,,,,,,,,,,,,0.0,0.0,0.0,0.0,0.0,0.0
1773804252.1781917,False,,,,,,,,,,,,,,,,,,0.0,0.0,0.0,0.0,0.0,0.0
1773804252.1881733,False,,,,,,,,,,,,,,,,,,0.0,0.0,0.0,0.0,0.0,0.0
1773804252.1980565,False,,,,,,,,,,,,,,,,,,0.0,0.0,0.0,0.0,0.0,0.0
1773804252.2081208,False,,,,,,,,,,,,,,,,,,0.0,0.0,0.0,0.0,0.0,0.0
1773804252.2181184,False,,,,,,,,,,,,,,,,,,0.0,0.0,0.0,0.0,0.0,0.0
1773804252.2280617,False,,,,,,,,,,,,,,,,,,0.0,0.0,0.0,0.0,0.0,0.0
1773804252.2383354,False,,,,,,,,,,,,,,,,,,0.0,0.0,0.0,0.0,0.0,0.0
1773804252.2480779,False,,,,,,,,,,,,,,,,,,0.0,0.0,0.0,0.0,0.0,0.0
1773804252.2577825,False,,,,,,,,,,,,,,,,,,0.0,0.0,0.0,0.0,0.0,0.0
1773804252.2679398,False,,,,,,,,,,,,,,,,,,0.0,0.0,0.0,0.0,0.0,0.0
1773804252.278106,False,,,,,,,,,,,,,,,,,,0.0,0.0,0.0,0.0,0.0,0.0
1773804252.2879925,False,,,,,,,,,,,,,,,,,,0.0,0.0,0.0,0.0,0.0,0.0
1773804252.2981908,False,,,,,,,,,,,,,,,,,,0.0,0.0,0.0,0.0,0.0,0.0
1773804252.3078845,False,,,,,,,,,,,,,,,,,,0.0,0.0,0.0,0.0,0.0,0.0
1773804252.3182669,False,,,,,,,,,,,,,,,,,,0.0,0.0,0.0,0.0,0.0,0.0
1773804252.3277037,False,,,,,,,,,,,,,,,,,,0.0,0.0,0.0,0.0,0.0,0.0
1773804252.3378453,False,,,,,,,,,,,,,,,,,,0.0,0.0,0.0,0.0,0.0,0.0
1773804252.3478816,False,,,,,,,,,,,,,,,,,,0.0,0.0,0.0,0.0,0.0,0.0
1773804252.3579962,False,,,,,,,,,,,,,,,,,,0.0,0.0,0.0,0.0,0.0,0.0
1773804252.367733,False,,,,,,,,,,,,,,,,,,0.0,0.0,0.0,0.0,0.0,0.0
1773804252.378157,False,,,,,,,,,,,,,,,,,,0.0,0.0,0.0,0.0,0.0,0.0
1773804252.387979,False,,,,,,,,,,,,,,,,,,0.0,0.0,0.0,0.0,0.0,0.0
1773804252.398032,False,,,,,,,,,,,,,,,,,,0.0,0.0,0.0,0.0,0.0,0.0
1773804252.408092,False,,,,,,,,,,,,,,,,,,0.0,0.0,0.0,0.0,0.0,0.0
1773804252.4178884,False,,,,,,,,,,,,,,,,,,0.0,0.0,0.0,0.0,0.0,0.0
1773804252.427734,False,,,,,,,,,,,,,,,,,,0.0,0.0,0.0,0.0,0.0,0.0
1773804252.4379983,False,,,,,,,,,,,,,,,,,,0.0,0.0,0.0,0.0,0.0,0.0
1773804252.4481084,False,,,,,,,,,,,,,,,,,,0.0,0.0,0.0,0.0,0.0,0.0
1773804252.4576483,False,,,,,,,,,,,,,,,,,,0.0,0.0,0.0,0.0,0.0,0.0
1773804252.4677744,False,,,,,,,,,,,,,,,,,,0.0,0.0,0.0,0.0,0.0,0.0
1773804252.477837,False,,,,,,,,,,,,,,,,,,0.0,0.0,0.0,0.0,0.0,0.0
1773804252.488118,False,,,,,,,,,,,,,,,,,,0.0,0.0,0.0,0.0,0.0,0.0
1773804252.4979546,False,,,,,,,,,,,,,,,,,,0.0,0.0,0.0,0.0,0.0,0.0
1773804252.5085573,False,,,,,,,,,,,,,,,,,,0.0,0.0,0.0,0.0,0.0,0.0
1773804252.5178573,False,,,,,,,,,,,,,,,,,,0.0,0.0,0.0,0.0,0.0,0.0
1773804252.5279565,False,,,,,,,,,,,,,,,,,,0.0,0.0,0.0,0.0,0.0,0.0
1773804252.5380719,False,,,,,,,,,,,,,,,,,,0.0,0.0,0.0,0.0,0.0,0.0
1773804252.5479403,False,,,,,,,,,,,,,,,,,,0.0,0.0,0.0,0.0,0.0,0.0
1773804252.5577333,False,,,,,,,,,,,,,,,,,,0.0,0.0,0.0,0.0,0.0,0.0
1773804252.567789,False,,,,,,,,,,,,,,,,,,0.0,0.0,0.0,0.0,0.0,0.0
1773804252.5781987,False,,,,,,,,,,,,,,,,,,0.0,0.0,0.0,0.0,0.0,0.0
1773804252.5880823,False,,,,,,,,,,,,,,,,,,0.0,0.0,0.0,0.0,0.0,0.0
1773804252.597953,False,,,,,,,,,,,,,,,,,,0.0,0.0,0.0,0.0,0.0,0.0
1773804252.607971,False,,,,,,,,,,,,,,,,,,0.0,0.0,0.0,0.0,0.0,0.0
1773804252.6180973,False,,,,,,,,,,,,,,,,,,0.0,0.0,0.0,0.0,0.0,0.0
1773804252.6276417,False,,,,,,,,,,,,,,,,,,0.0,0.0,0.0,0.0,0.0,0.0
1773804252.6377428,False,,,,,,,,,,,,,,,,,,0.0,0.0,0.0,0.0,0.0,0.0
1773804252.6478522,False,,,,,,,,,,,,,,,,,,0.0,0.0,0.0,0.0,0.0,0.0
1773804252.6581204,False,,,,,,,,,,,,,,,,,,0.0,0.0,0.0,0.0,0.0,0.0
1773804252.668141,False,,,,,,,,,,,,,,,,,,0.0,0.0,0.0,0.0,0.0,0.0
1773804252.6775615,False,,,,,,,,,,,,,,,,,,0.0,0.0,0.0,0.0,0.0,0.0
1773804252.6879551,False,,,,,,,,,,,,,,,,,,0.0,0.0,0.0,0.0,0.0,0.0
1773804252.6979666,False,,,,,,,,,,,,,,,,,,0.0,0.0,0.0,0.0,0.0,0.0
1773804252.7076168,False,,,,,,,,,,,,,,,,,,0.0,0.0,0.0,0.0,0.0,0.0
1773804252.7175384,False,,,,,,,,,,,,,,,,,,0.0,0.0,0.0,0.0,0.0,0.0
1773804252.727522,False,,,,,,,,,,,,,,,,,,0.0,0.0,0.0,0.0,0.0,0.0
1773804252.7375548,False,,,,,,,,,,,,,,,,,,0.0,0.0,0.0,0.0,0.0,0.0
1773804252.7477076,False,,,,,,,,,,,,,,,,,,0.0,0.0,0.0,0.0,0.0,0.0
1773804252.7577913,False,,,,,,,,,,,,,,,,,,0.0,0.0,0.0,0.0,0.0,0.0
1773804252.768006,False,,,,,,,,,,,,,,,,,,0.0,0.0,0.0,0.0,0.0,0.0
1773804252.7777731,False,,,,,,,,,,,,,,,,,,0.0,0.0,0.0,0.0,0.0,0.0
1773804252.7875674,False,,,,,,,,,,,,,,,,,,0.0,0.0,0.0,0.0,0.0,0.0
1773804252.7976282,False,,,,,,,,,,,,,,,,,,0.0,0.0,0.0,0.0,0.0,0.0
1773804252.807939,False,,,,,,,,,,,,,,,,,,0.0,0.0,0.0,0.0,0.0,0.0
1773804252.8177083,False,,,,,,,,,,,,,,,,,,0.0,0.0,0.0,0.0,0.0,0.0
1773804252.8279686,False,,,,,,,,,,,,,,,,,,0.0,0.0,0.0,0.0,0.0,0.0
1773804252.837768,False,,,,,,,,,,,,,,,,,,0.0,0.0,0.0,0.0,0.0,0.0
1773804252.8479795,False,,,,,,,,,,,,,,,,,,0.0,0.0,0.0,0.0,0.0,0.0
1773804252.8576307,False,,,,,,,,,,,,,,,,,,0.0,0.0,0.0,0.0,0.0,0.0
1773804252.8679492,False,,,,,,,,,,,,,,,,,,0.0,0.0,0.0,0.0,0.0,0.0
1773804252.8777082,False,,,,,,,,,,,,,,,,,,0.0,0.0,0.0,0.0,0.0,0.0
1773804252.8880322,False,,,,,,,,,,,,,,,,,,0.0,0.0,0.0,0.0,0.0,0.0
1773804252.897907,False,,,,,,,,,,,,,,,,,,0.0,0.0,0.0,0.0,0.0,0.0
1773804252.9079754,False,,,,,,,,,,,,,,,,,,0.0,0.0,0.0,0.0,0.0,0.0
1773804252.9180212,False,,,,,,,,,,,,,,,,,,0.0,0.0,0.0,0.0,0.0,0.0
1773804252.9280279,False,,,,,,,,,,,,,,,,,,0.0,0.0,0.0,0.0,0.0,0.0
1773804252.9377177,False,,,,,,,,,,,,,,,,,,0.0,0.0,0.0,0.0,0.0,0.0
1773804252.9478498,False,,,,,,,,,,,,,,,,,,0.0,0.0,0.0,0.0,0.0,0.0
1773804252.9579165,False,,,,,,,,,,,,,,,,,,0.0,0.0,0.0,0.0,0.0,0.0
1773804252.9676418,False,,,,,,,,,,,,,,,,,,0.0,0.0,0.0,0.0,0.0,0.0
1773804252.9779315,False,,,,,,,,,,,,,,,,,,0.0,0.0,0.0,0.0,0.0,0.0
1773804252.9879224,False,,,,,,,,,,,,,,,,,,0.0,0.0,0.0,0.0,0.0,0.0
1773804252.998,False,,,,,,,,,,,,,,,,,,0.0,0.0,0.0,0.0,0.0,0.0
1773804253.0076718,False,,,,,,,,,,,,,,,,,,0.0,0.0,0.0,0.0,0.0,0.0
1773804253.017583,False,,,,,,,,,,,,,,,,,,0.0,0.0,0.0,0.0,0.0,0.0
1773804253.0279274,False,,,,,,,,,,,,,,,,,,0.0,0.0,0.0,0.0,0.0,0.0
1773804253.038104,False,,,,,,,,,,,,,,,,,,0.0,0.0,0.0,0.0,0.0,0.0
1773804253.0477042,False,,,,,,,,,,,,,,,,,,0.0,0.0,0.0,0.0,0.0,0.0
1773804253.0578697,False,,,,,,,,,,,,,,,,,,0.0,0.0,0.0,0.0,0.0,0.0
1773804253.0678132,False,,,,,,,,,,,,,,,,,,0.0,0.0,0.0,0.0,0.0,0.0
1773804253.0779889,False,,,,,,,,,,,,,,,,,,0.0,0.0,0.0,0.0,0.0,0.0
1773804253.0883224,False,,,,,,,,,,,,,,,,,,0.0,0.0,0.0,0.0,0.0,0.0
1773804253.098041,False,,,,,,,,,,,,,,,,,,0.0,0.0,0.0,0.0,0.0,0.0
1773804253.1080983,False,,,,,,,,,,,,,,,,,,0.0,0.0,0.0,0.0,0.0,0.0
1773804253.1177206,False,,,,,,,,,,,,,,,,,,0.0,0.0,0.0,0.0,0.0,0.0
1773804253.1280582,False,,,,,,,,,,,,,,,,,,0.0,0.0,0.0,0.0,0.0,0.0
1773804253.1379616,False,,,,,,,,,,,,,,,,,,0.0,0.0,0.0,0.0,0.0,0.0
1773804253.1481526,False,,,,,,,,,,,,,,,,,,0.0,0.0,0.0,0.0,0.0,0.0
1773804253.158245,False,,,,,,,,,,,,,,,,,,0.0,0.0,0.0,0.0,0.0,0.0
1773804253.167907,False,,,,,,,,,,,,,,,,,,0.0,0.0,0.0,0.0,0.0,0.0
1773804253.1782334,False,,,,,,,,,,,,,,,,,,0.0,0.0,0.0,0.0,0.0,0.0
1773804253.1879745,False,,,,,,,,,,,,,,,,,,0.0,0.0,0.0,0.0,0.0,0.0
1773804253.1976538,False,,,,,,,,,,,,,,,,,,0.0,0.0,0.0,0.0,0.0,0.0
1773804253.2077265,False,,,,,,,,,,,,,,,,,,0.0,0.0,0.0,0.0,0.0,0.0
1773804253.2182899,False,,,,,,,,,,,,,,,,,,0.0,0.0,0.0,0.0,0.0,0.0
1773804253.2277377,False,,,,,,,,,,,,,,,,,,0.0,0.0,0.0,0.0,0.0,0.0
1773804253.2380624,False,,,,,,,,,,,,,,,,,,0.0,0.0,0.0,0.0,0.0,0.0
1773804253.2478426,False,,,,,,,,,,,,,,,,,,0.0,0.0,0.0,0.0,0.0,0.0
1773804253.258191,False,,,,,,,,,,,,,,,,,,0.0,0.0,0.0,0.0,0.0,0.0
1773804253.2680404,False,,,,,,,,,,,,,,,,,,0.0,0.0,0.0,0.0,0.0,0.0
1773804253.2779973,False,,,,,,,,,,,,,,,,,,0.0,0.0,0.0,0.0,0.0,0.0
1773804253.2882822,False,,,,,,,,,,,,,,,,,,0.0,0.0,0.0,0.0,0.0,0.0
1773804253.297844,False,,,,,,,,,,,,,,,,,,0.0,0.0,0.0,0.0,0.0,0.0
1773804253.3080614,False,,,,,,,,,,,,,,,,,,0.0,0.0,0.0,0.0,0.0,0.0
1773804253.3178253,False,,,,,,,,,,,,,,,,,,0.0,0.0,0.0,0.0,0.0,0.0
1773804253.3276517,False,,,,,,,,,,,,,,,,,,0.0,0.0,0.0,0.0,0.0,0.0
1773804253.3377726,False,,,,,,,,,,,,,,,,,,0.0,0.0,0.0,0.0,0.0,0.0
1773804253.3478074,False,,,,,,,,,,,,,,,,,,0.0,0.0,0.0,0.0,0.0,0.0
1773804253.3581147,False,,,,,,,,,,,,,,,,,,0.0,0.0,0.0,0.0,0.0,0.0
1773804253.3681803,False,,,,,,,,,,,,,,,,,,0.0,0.0,0.0,0.0,0.0,0.0
1773804253.3779113,False,,,,,,,,,,,,,,,,,,0.0,0.0,0.0,0.0,0.0,0.0
1773804253.387868,False,,,,,,,,,,,,,,,,,,0.0,0.0,0.0,0.0,0.0,0.0
1773804253.3977625,False,,,,,,,,,,,,,,,,,,0.0,0.0,0.0,0.0,0.0,0.0
1773804253.4077256,False,,,,,,,,,,,,,,,,,,0.0,0.0,0.0,0.0,0.0,0.0
1773804253.4177632,False,,,,,,,,,,,,,,,,,,0.0,0.0,0.0,0.0,0.0,0.0
1773804253.4278283,False,,,,,,,,,,,,,,,,,,0.0,0.0,0.0,0.0,0.0,0.0
1773804253.4378567,False,,,,,,,,,,,,,,,,,,0.0,0.0,0.0,0.0,0.0,0.0
1773804253.447989,False,,,,,,,,,,,,,,,,,,0.0,0.0,0.0,0.0,0.0,0.0
1773804253.458115,False,,,,,,,,,,,,,,,,,,0.0,0.0,0.0,0.0,0.0,0.0
1773804253.467618,False,,,,,,,,,,,,,,,,,,0.0,0.0,0.0,0.0,0.0,0.0
1773804253.4777966,False,,,,,,,,,,,,,,,,,,0.0,0.0,0.0,0.0,0.0,0.0
1773804253.4876945,False,,,,,,,,,,,,,,,,,,0.0,0.0,0.0,0.0,0.0,0.0
1773804253.4977012,False,,,,,,,,,,,,,,,,,,0.0,0.0,0.0,0.0,0.0,0.0
1773804253.5083401,False,,,,,,,,,,,,,,,,,,0.0,0.0,0.0,0.0,0.0,0.0
1773804253.517635,False,,,,,,,,,,,,,,,,,,0.0,0.0,0.0,0.0,0.0,0.0
1773804253.5278044,False,,,,,,,,,,,,,,,,,,0.0,0.0,0.0,0.0,0.0,0.0
1773804253.5378938,False,,,,,,,,,,,,,,,,,,0.0,0.0,0.0,0.0,0.0,0.0
1773804253.5479665,False,,,,,,,,,,,,,,,,,,0.0,0.0,0.0,0.0,0.0,0.0
1773804253.5577743,False,,,,,,,,,,,,,,,,,,0.0,0.0,0.0,0.0,0.0,0.0
1773804253.5678642,False,,,,,,,,,,,,,,,,,,0.0,0.0,0.0,0.0,0.0,0.0
1773804253.5779054,False,,,,,,,,,,,,,,,,,,0.0,0.0,0.0,0.0,0.0,0.0
1773804253.5881445,False,,,,,,,,,,,,,,,,,,0.0,0.0,0.0,0.0,0.0,0.0
1773804253.5985918,False,,,,,,,,,,,,,,,,,,0.0,0.0,0.0,0.0,0.0,0.0
1773804253.608149,False,,,,,,,,,,,,,,,,,,0.0,0.0,0.0,0.0,0.0,0.0
1773804253.6179447,False,,,,,,,,,,,,,,,,,,0.0,0.0,0.0,0.0,0.0,0.0
1773804253.627727,False,,,,,,,,,,,,,,,,,,0.0,0.0,0.0,0.0,0.0,0.0
1773804253.6378105,False,,,,,,,,,,,,,,,,,,0.0,0.0,0.0,0.0,0.0,0.0
1773804253.647758,False,,,,,,,,,,,,,,,,,,0.0,0.0,0.0,0.0,0.0,0.0
1773804253.6583397,False,,,,,,,,,,,,,,,,,,0.0,0.0,0.0,0.0,0.0,0.0
1773804253.667892,False,,,,,,,,,,,,,,,,,,0.0,0.0,0.0,0.0,0.0,0.0
1773804253.6780643,False,,,,,,,,,,,,,,,,,,0.0,0.0,0.0,0.0,0.0,0.0
1773804253.6878226,False,,,,,,,,,,,,,,,,,,0.0,0.0,0.0,0.0,0.0,0.0
1773804253.698215,False,,,,,,,,,,,,,,,,,,0.0,0.0,0.0,0.0,0.0,0.0
1773804253.7082636,False,,,,,,,,,,,,,,,,,,0.0,0.0,0.0,0.0,0.0,0.0
1773804253.7180204,False,,,,,,,,,,,,,,,,,,0.0,0.0,0.0,0.0,0.0,0.0
1773804253.7280552,False,,,,,,,,,,,,,,,,,,0.0,0.0,0.0,0.0,0.0,0.0
1773804253.7380874,False,,,,,,,,,,,,,,,,,,0.0,0.0,0.0,0.0,0.0,0.0
1773804253.748264,False,,,,,,,,,,,,,,,,,,0.0,0.0,0.0,0.0,0.0,0.0
1773804253.7575922,False,,,,,,,,,,,,,,,,,,0.0,0.0,0.0,0.0,0.0,0.0
1773804253.7676582,False,,,,,,,,,,,,,,,,,,0.0,0.0,0.0,0.0,0.0,0.0
1773804253.777674,False,,,,,,,,,,,,,,,,,,0.0,0.0,0.0,0.0,0.0,0.0
1773804253.787794,False,,,,,,,,,,,,,,,,,,0.0,0.0,0.0,0.0,0.0,0.0
1773804253.7978096,False,,,,,,,,,,,,,,,,,,0.0,0.0,0.0,0.0,0.0,0.0
1773804253.8081868,False,,,,,,,,,,,,,,,,,,0.0,0.0,0.0,0.0,0.0,0.0
1773804253.8177016,False,,,,,,,,,,,,,,,,,,0.0,0.0,0.0,0.0,0.0,0.0
1773804253.8279848,False,,,,,,,,,,,,,,,,,,0.0,0.0,0.0,0.0,0.0,0.0
1773804253.8380303,False,,,,,,,,,,,,,,,,,,0.0,0.0,0.0,0.0,0.0,0.0
1773804253.848295,False,,,,,,,,,,,,,,,,,,0.0,0.0,0.0,0.0,0.0,0.0
1773804253.8580508,False,,,,,,,,,,,,,,,,,,0.0,0.0,0.0,0.0,0.0,0.0
1773804253.8679185,False,,,,,,,,,,,,,,,,,,0.0,0.0,0.0,0.0,0.0,0.0
1773804253.8781574,False,,,,,,,,,,,,,,,,,,0.0,0.0,0.0,0.0,0.0,0.0
1773804253.8882477,False,,,,,,,,,,,,,,,,,,0.0,0.0,0.0,0.0,0.0,0.0
1773804253.8980432,False,,,,,,,,,,,,,,,,,,0.0,0.0,0.0,0.0,0.0,0.0
1773804253.908032,False,,,,,,,,,,,,,,,,,,0.0,0.0,0.0,0.0,0.0,0.0
1773804253.918133,False,,,,,,,,,,,,,,,,,,0.0,0.0,0.0,0.0,0.0,0.0
1773804253.9278426,False,,,,,,,,,,,,,,,,,,0.0,0.0,0.0,0.0,0.0,0.0
1773804253.938038,False,,,,,,,,,,,,,,,,,,0.0,0.0,0.0,0.0,0.0,0.0
1773804253.947845,False,,,,,,,,,,,,,,,,,,0.0,0.0,0.0,0.0,0.0,0.0
1773804253.9580684,False,,,,,,,,,,,,,,,,,,0.0,0.0,0.0,0.0,0.0,0.0
1773804253.968121,False,,,,,,,,,,,,,,,,,,0.0,0.0,0.0,0.0,0.0,0.0
1773804253.9779694,False,,,,,,,,,,,,,,,,,,0.0,0.0,0.0,0.0,0.0,0.0
1773804253.9876945,False,,,,,,,,,,,,,,,,,,0.0,0.0,0.0,0.0,0.0,0.0
1773804253.9976745,False,,,,,,,,,,,,,,,,,,0.0,0.0,0.0,0.0,0.0,0.0
1773804254.0080564,False,,,,,,,,,,,,,,,,,,0.0,0.0,0.0,0.0,0.0,0.0
1773804254.018199,False,,,,,,,,,,,,,,,,,,0.0,0.0,0.0,0.0,0.0,0.0
1773804254.0277803,False,,,,,,,,,,,,,,,,,,0.0,0.0,0.0,0.0,0.0,0.0
1773804254.0378125,False,,,,,,,,,,,,,,,,,,0.0,0.0,0.0,0.0,0.0,0.0
1773804254.0478659,False,,,,,,,,,,,,,,,,,,0.0,0.0,0.0,0.0,0.0,0.0
1773804254.05763,False,,,,,,,,,,,,,,,,,,0.0,0.0,0.0,0.0,0.0,0.0
1773804254.0681236,False,,,,,,,,,,,,,,,,,,0.0,0.0,0.0,0.0,0.0,0.0
1773804254.0776868,False,,,,,,,,,,,,,,,,,,0.0,0.0,0.0,0.0,0.0,0.0
1773804254.088007,False,,,,,,,,,,,,,,,,,,0.0,0.0,0.0,0.0,0.0,0.0
1773804254.0975256,False,,,,,,,,,,,,,,,,,,0.0,0.0,0.0,0.0,0.0,0.0
1773804254.1078439,False,,,,,,,,,,,,,,,,,,0.0,0.0,0.0,0.0,0.0,0.0
1773804254.1177938,False,,,,,,,,,,,,,,,,,,0.0,0.0,0.0,0.0,0.0,0.0
1773804254.127974,False,,,,,,,,,,,,,,,,,,0.0,0.0,0.0,0.0,0.0,0.0
1773804254.1375756,False,,,,,,,,,,,,,,,,,,0.0,0.0,0.0,0.0,0.0,0.0
1773804254.1480513,False,,,,,,,,,,,,,,,,,,0.0,0.0,0.0,0.0,0.0,0.0
1773804254.158314,False,,,,,,,,,,,,,,,,,,0.0,0.0,0.0,0.0,0.0,0.0
1773804254.167852,False,,,,,,,,,,,,,,,,,,0.0,0.0,0.0,0.0,0.0,0.0
1773804254.17804,False,,,,,,,,,,,,,,,,,,0.0,0.0,0.0,0.0,0.0,0.0
1773804254.187802,False,,,,,,,,,,,,,,,,,,0.0,0.0,0.0,0.0,0.0,0.0
1773804254.1979525,False,,,,,,,,,,,,,,,,,,0.0,0.0,0.0,0.0,0.0,0.0
1773804254.2081025,False,,,,,,,,,,,,,,,,,,0.0,0.0,0.0,0.0,0.0,0.0
1773804254.2177207,False,,,,,,,,,,,,,,,,,,0.0,0.0,0.0,0.0,0.0,0.0
1773804254.2279456,False,,,,,,,,,,,,,,,,,,0.0,0.0,0.0,0.0,0.0,0.0
1773804254.2378972,False,,,,,,,,,,,,,,,,,,0.0,0.0,0.0,0.0,0.0,0.0
1773804254.2479322,False,,,,,,,,,,,,,,,,,,0.0,0.0,0.0,0.0,0.0,0.0
1773804254.2577403,False,,,,,,,,,,,,,,,,,,0.0,0.0,0.0,0.0,0.0,0.0
1773804254.2676227,False,,,,,,,,,,,,,,,,,,0.0,0.0,0.0,0.0,0.0,0.0
1773804254.2776911,False,,,,,,,,,,,,,,,,,,0.0,0.0,0.0,0.0,0.0,0.0
1773804254.2877543,False,,,,,,,,,,,,,,,,,,0.0,0.0,0.0,0.0,0.0,0.0
1773804254.2981691,False,,,,,,,,,,,,,,,,,,0.0,0.0,0.0,0.0,0.0,0.0
1773804254.3079894,False,,,,,,,,,,,,,,,,,,0.0,0.0,0.0,0.0,0.0,0.0
1773804254.3177733,False,,,,,,,,,,,,,,,,,,0.0,0.0,0.0,0.0,0.0,0.0
1773804254.3283374,False,,,,,,,,,,,,,,,,,,0.0,0.0,0.0,0.0,0.0,0.0
1773804254.3379133,False,,,,,,,,,,,,,,,,,,0.0,0.0,0.0,0.0,0.0,0.0
1773804254.3478467,False,,,,,,,,,,,,,,,,,,0.0,0.0,0.0,0.0,0.0,0.0
1773804254.357537,False,,,,,,,,,,,,,,,,,,0.0,0.0,0.0,0.0,0.0,0.0
1773804254.3680627,False,,,,,,,,,,,,,,,,,,0.0,0.0,0.0,0.0,0.0,0.0
1773804254.3781624,False,,,,,,,,,,,,,,,,,,0.0,0.0,0.0,0.0,0.0,0.0
1773804254.3877149,False,,,,,,,,,,,,,,,,,,0.0,0.0,0.0,0.0,0.0,0.0
1773804254.39823,False,,,,,,,,,,,,,,,,,,0.0,0.0,0.0,0.0,0.0,0.0
1773804254.4083126,False,,,,,,,,,,,,,,,,,,0.0,0.0,0.0,0.0,0.0,0.0
1773804254.4178405,False,,,,,,,,,,,,,,,,,,0.0,0.0,0.0,0.0,0.0,0.0
1773804254.4279363,False,,,,,,,,,,,,,,,,,,0.0,0.0,0.0,0.0,0.0,0.0
1773804254.4384573,False,,,,,,,,,,,,,,,,,,0.0,0.0,0.0,0.0,0.0,0.0
1773804254.4480028,False,,,,,,,,,,,,,,,,,,0.0,0.0,0.0,0.0,0.0,0.0
1773804254.4582,False,,,,,,,,,,,,,,,,,,0.0,0.0,0.0,0.0,0.0,0.0
1773804254.467703,False,,,,,,,,,,,,,,,,,,0.0,0.0,0.0,0.0,0.0,0.0
1773804254.4778755,False,,,,,,,,,,,,,,,,,,0.0,0.0,0.0,0.0,0.0,0.0
1773804254.4876242,False,,,,,,,,,,,,,,,,,,0.0,0.0,0.0,0.0,0.0,0.0
1773804254.4979022,False,,,,,,,,,,,,,,,,,,0.0,0.0,0.0,0.0,0.0,0.0
1773804254.5085742,False,,,,,,,,,,,,,,,,,,0.0,0.0,0.0,0.0,0.0,0.0
1773804254.517726,False,,,,,,,,,,,,,,,,,,0.0,0.0,0.0,0.0,0.0,0.0
1773804254.5277722,False,,,,,,,,,,,,,,,,,,0.0,0.0,0.0,0.0,0.0,0.0
1773804254.5377429,False,,,,,,,,,,,,,,,,,,0.0,0.0,0.0,0.0,0.0,0.0
1773804254.5481856,False,,,,,,,,,,,,,,,,,,0.0,0.0,0.0,0.0,0.0,0.0
1773804254.558084,False,,,,,,,,,,,,,,,,,,0.0,0.0,0.0,0.0,0.0,0.0
1773804254.5683477,False,,,,,,,,,,,,,,,,,,0.0,0.0,0.0,0.0,0.0,0.0
1773804254.5781288,False,,,,,,,,,,,,,,,,,,0.0,0.0,0.0,0.0,0.0,0.0
1773804254.5880325,False,,,,,,,,,,,,,,,,,,0.0,0.0,0.0,0.0,0.0,0.0
1773804254.5984225,False,,,,,,,,,,,,,,,,,,0.0,0.0,0.0,0.0,0.0,0.0
1773804254.6079564,False,,,,,,,,,,,,,,,,,,0.0,0.0,0.0,0.0,0.0,0.0
1773804254.6178877,False,,,,,,,,,,,,,,,,,,0.0,0.0,0.0,0.0,0.0,0.0
1773804254.6278949,False,,,,,,,,,,,,,,,,,,0.0,0.0,0.0,0.0,0.0,0.0
1773804254.6379302,False,,,,,,,,,,,,,,,,,,0.0,0.0,0.0,0.0,0.0,0.0
1773804254.6481028,False,,,,,,,,,,,,,,,,,,0.0,0.0,0.0,0.0,0.0,0.0
1773804254.6588326,False,,,,,,,,,,,,,,,,,,0.0,0.0,0.0,0.0,0.0,0.0
1773804254.6679218,False,,,,,,,,,,,,,,,,,,0.0,0.0,0.0,0.0,0.0,0.0
1773804254.677654,False,,,,,,,,,,,,,,,,,,0.0,0.0,0.0,0.0,0.0,0.0
1773804254.68769,False,,,,,,,,,,,,,,,,,,0.0,0.0,0.0,0.0,0.0,0.0
1773804254.6977298,False,,,,,,,,,,,,,,,,,,0.0,0.0,0.0,0.0,0.0,0.0
1773804254.7079268,False,,,,,,,,,,,,,,,,,,0.0,0.0,0.0,0.0,0.0,0.0
1773804254.7180853,False,,,,,,,,,,,,,,,,,,0.0,0.0,0.0,0.0,0.0,0.0
1773804254.728027,False,,,,,,,,,,,,,,,,,,0.0,0.0,0.0,0.0,0.0,0.0
1773804254.7379699,False,,,,,,,,,,,,,,,,,,0.0,0.0,0.0,0.0,0.0,0.0
1773804254.747995,False,,,,,,,,,,,,,,,,,,0.0,0.0,0.0,0.0,0.0,0.0
1773804254.7575169,False,,,,,,,,,,,,,,,,,,0.0,0.0,0.0,0.0,0.0,0.0
1773804254.768065,False,,,,,,,,,,,,,,,,,,0.0,0.0,0.0,0.0,0.0,0.0
1773804254.777788,False,,,,,,,,,,,,,,,,,,0.0,0.0,0.0,0.0,0.0,0.0
1773804254.7877085,False,,,,,,,,,,,,,,,,,,0.0,0.0,0.0,0.0,0.0,0.0
1773804254.7984436,False,,,,,,,,,,,,,,,,,,0.0,0.0,0.0,0.0,0.0,0.0
1773804254.807455,False,,,,,,,,,,,,,,,,,,0.0,0.0,0.0,0.0,0.0,0.0
1773804254.8177938,False,,,,,,,,,,,,,,,,,,0.0,0.0,0.0,0.0,0.0,0.0
1773804254.8283825,False,,,,,,,,,,,,,,,,,,0.0,0.0,0.0,0.0,0.0,0.0
1773804254.838029,False,,,,,,,,,,,,,,,,,,0.0,0.0,0.0,0.0,0.0,0.0
1773804254.8478494,False,,,,,,,,,,,,,,,,,,0.0,0.0,0.0,0.0,0.0,0.0
1773804254.8579195,False,,,,,,,,,,,,,,,,,,0.0,0.0,0.0,0.0,0.0,0.0
1773804254.8682063,False,,,,,,,,,,,,,,,,,,0.0,0.0,0.0,0.0,0.0,0.0
1773804254.8776872,False,,,,,,,,,,,,,,,,,,0.0,0.0,0.0,0.0,0.0,0.0
1773804254.8875973,False,,,,,,,,,,,,,,,,,,0.0,0.0,0.0,0.0,0.0,0.0
1773804254.897894,False,,,,,,,,,,,,,,,,,,0.0,0.0,0.0,0.0,0.0,0.0
1773804254.9079177,False,,,,,,,,,,,,,,,,,,0.0,0.0,0.0,0.0,0.0,0.0
1773804254.9179811,False,,,,,,,,,,,,,,,,,,0.0,0.0,0.0,0.0,0.0,0.0
1773804254.9276242,False,,,,,,,,,,,,,,,,,,0.0,0.0,0.0,0.0,0.0,0.0
1773804254.938431,False,,,,,,,,,,,,,,,,,,0.0,0.0,0.0,0.0,0.0,0.0
1773804254.9479961,False,,,,,,,,,,,,,,,,,,0.0,0.0,0.0,0.0,0.0,0.0
1773804254.9581432,False,,,,,,,,,,,,,,,,,,0.0,0.0,0.0,0.0,0.0,0.0
1773804254.9680965,False,,,,,,,,,,,,,,,,,,0.0,0.0,0.0,0.0,0.0,0.0
1773804254.977854,False,,,,,,,,,,,,,,,,,,0.0,0.0,0.0,0.0,0.0,0.0
1773804254.9884257,False,,,,,,,,,,,,,,,,,,0.0,0.0,0.0,0.0,0.0,0.0
1773804254.9981363,False,,,,,,,,,,,,,,,,,,0.0,0.0,0.0,0.0,0.0,0.0
1773804255.0081527,False,,,,,,,,,,,,,,,,,,0.0,0.0,0.0,0.0,0.0,0.0
1773804255.0182295,False,,,,,,,,,,,,,,,,,,0.0,0.0,0.0,0.0,0.0,0.0
1773804255.027846,False,,,,,,,,,,,,,,,,,,0.0,0.0,0.0,0.0,0.0,0.0
1773804255.0379307,False,,,,,,,,,,,,,,,,,,0.0,0.0,0.0,0.0,0.0,0.0
1773804255.0480485,False,,,,,,,,,,,,,,,,,,0.0,0.0,0.0,0.0,0.0,0.0
1773804255.0580914,False,,,,,,,,,,,,,,,,,,0.0,0.0,0.0,0.0,0.0,0.0
1773804255.0678854,False,,,,,,,,,,,,,,,,,,0.0,0.0,0.0,0.0,0.0,0.0
1773804255.0781627,False,,,,,,,,,,,,,,,,,,0.0,0.0,0.0,0.0,0.0,0.0
1773804255.0879087,False,,,,,,,,,,,,,,,,,,0.0,0.0,0.0,0.0,0.0,0.0
1773804255.0978441,False,,,,,,,,,,,,,,,,,,0.0,0.0,0.0,0.0,0.0,0.0
1773804255.108101,False,,,,,,,,,,,,,,,,,,0.0,0.0,0.0,0.0,0.0,0.0
1773804255.1180415,False,,,,,,,,,,,,,,,,,,0.0,0.0,0.0,0.0,0.0,0.0
1773804255.127982,False,,,,,,,,,,,,,,,,,,0.0,0.0,0.0,0.0,0.0,0.0
1773804255.1381636,False,,,,,,,,,,,,,,,,,,0.0,0.0,0.0,0.0,0.0,0.0
1773804255.1480145,False,,,,,,,,,,,,,,,,,,0.0,0.0,0.0,0.0,0.0,0.0
1773804255.157924,False,,,,,,,,,,,,,,,,,,0.0,0.0,0.0,0.0,0.0,0.0
1773804255.1685264,False,,,,,,,,,,,,,,,,,,0.0,0.0,0.0,0.0,0.0,0.0
1773804255.1780677,False,,,,,,,,,,,,,,,,,,0.0,0.0,0.0,0.0,0.0,0.0
1773804255.187988,False,,,,,,,,,,,,,,,,,,0.0,0.0,0.0,0.0,0.0,0.0
1773804255.1973197,False,,,,,,,,,,,,,,,,,,0.0,0.0,0.0,0.0,0.0,0.0
1773804255.2079692,False,,,,,,,,,,,,,,,,,,0.0,0.0,0.0,0.0,0.0,0.0
1773804255.217535,False,,,,,,,,,,,,,,,,,,0.0,0.0,0.0,0.0,0.0,0.0
1773804255.2280893,False,,,,,,,,,,,,,,,,,,0.0,0.0,0.0,0.0,0.0,0.0
1773804255.2377467,False,,,,,,,,,,,,,,,,,,0.0,0.0,0.0,0.0,0.0,0.0
1773804255.247642,False,,,,,,,,,,,,,,,,,,0.0,0.0,0.0,0.0,0.0,0.0
1773804255.2575386,False,,,,,,,,,,,,,,,,,,0.0,0.0,0.0,0.0,0.0,0.0
1773804255.2676818,False,,,,,,,,,,,,,,,,,,0.0,0.0,0.0,0.0,0.0,0.0
1773804255.2781453,False,,,,,,,,,,,,,,,,,,0.0,0.0,0.0,0.0,0.0,0.0
1773804255.288062,False,,,,,,,,,,,,,,,,,,0.0,0.0,0.0,0.0,0.0,0.0
1773804255.2977636,False,,,,,,,,,,,,,,,,,,0.0,0.0,0.0,0.0,0.0,0.0
1773804255.3081455,False,,,,,,,,,,,,,,,,,,0.0,0.0,0.0,0.0,0.0,0.0
1773804255.3178082,False,,,,,,,,,,,,,,,,,,0.0,0.0,0.0,0.0,0.0,0.0
1773804255.3281431,False,,,,,,,,,,,,,,,,,,0.0,0.0,0.0,0.0,0.0,0.0
1773804255.3380654,False,,,,,,,,,,,,,,,,,,0.0,0.0,0.0,0.0,0.0,0.0
1773804255.3476083,False,,,,,,,,,,,,,,,,,,0.0,0.0,0.0,0.0,0.0,0.0
1773804255.357936,False,,,,,,,,,,,,,,,,,,0.0,0.0,0.0,0.0,0.0,0.0
1773804255.3679924,False,,,,,,,,,,,,,,,,,,0.0,0.0,0.0,0.0,0.0,0.0
1773804255.3778634,False,,,,,,,,,,,,,,,,,,0.0,0.0,0.0,0.0,0.0,0.0
1773804255.3877294,False,,,,,,,,,,,,,,,,,,0.0,0.0,0.0,0.0,0.0,0.0
1773804255.397904,False,,,,,,,,,,,,,,,,,,0.0,0.0,0.0,0.0,0.0,0.0
1773804255.4079804,False,,,,,,,,,,,,,,,,,,0.0,0.0,0.0,0.0,0.0,0.0
1773804255.4179575,False,,,,,,,,,,,,,,,,,,0.0,0.0,0.0,0.0,0.0,0.0
1773804255.4281058,False,,,,,,,,,,,,,,,,,,0.0,0.0,0.0,0.0,0.0,0.0
1773804255.4382374,False,,,,,,,,,,,,,,,,,,0.0,0.0,0.0,0.0,0.0,0.0
1773804255.4482863,False,,,,,,,,,,,,,,,,,,0.0,0.0,0.0,0.0,0.0,0.0
1773804255.4580772,False,,,,,,,,,,,,,,,,,,0.0,0.0,0.0,0.0,0.0,0.0
1773804255.4680226,False,,,,,,,,,,,,,,,,,,0.0,0.0,0.0,0.0,0.0,0.0
1773804255.4780474,False,,,,,,,,,,,,,,,,,,0.0,0.0,0.0,0.0,0.0,0.0
1773804255.487777,False,,,,,,,,,,,,,,,,,,0.0,0.0,0.0,0.0,0.0,0.0
1773804255.4973893,False,,,,,,,,,,,,,,,,,,0.0,0.0,0.0,0.0,0.0,0.0
1773804255.5075588,False,,,,,,,,,,,,,,,,,,0.0,0.0,0.0,0.0,0.0,0.0
1773804255.5181215,False,,,,,,,,,,,,,,,,,,0.0,0.0,0.0,0.0,0.0,0.0
1773804255.5277376,False,,,,,,,,,,,,,,,,,,0.0,0.0,0.0,0.0,0.0,0.0
1773804255.5383275,False,,,,,,,,,,,,,,,,,,0.0,0.0,0.0,0.0,0.0,0.0
1773804255.547677,False,,,,,,,,,,,,,,,,,,0.0,0.0,0.0,0.0,0.0,0.0
1773804255.557322,False,,,,,,,,,,,,,,,,,,0.0,0.0,0.0,0.0,0.0,0.0
1773804255.5679154,False,,,,,,,,,,,,,,,,,,0.0,0.0,0.0,0.0,0.0,0.0
1773804255.5779712,False,,,,,,,,,,,,,,,,,,0.0,0.0,0.0,0.0,0.0,0.0
1773804255.5881152,False,,,,,,,,,,,,,,,,,,0.0,0.0,0.0,0.0,0.0,0.0
1773804255.597685,False,,,,,,,,,,,,,,,,,,0.0,0.0,0.0,0.0,0.0,0.0
1773804255.6077573,False,,,,,,,,,,,,,,,,,,0.0,0.0,0.0,0.0,0.0,0.0
1773804255.618057,False,,,,,,,,,,,,,,,,,,0.0,0.0,0.0,0.0,0.0,0.0
1773804255.627653,False,,,,,,,,,,,,,,,,,,0.0,0.0,0.0,0.0,0.0,0.0
1773804255.6377285,False,,,,,,,,,,,,,,,,,,0.0,0.0,0.0,0.0,0.0,0.0
1773804255.6478963,False,,,,,,,,,,,,,,,,,,0.0,0.0,0.0,0.0,0.0,0.0
1773804255.6580453,False,,,,,,,,,,,,,,,,,,0.0,0.0,0.0,0.0,0.0,0.0
1773804255.6680424,False,,,,,,,,,,,,,,,,,,0.0,0.0,0.0,0.0,0.0,0.0
1773804255.6778631,False,,,,,,,,,,,,,,,,,,0.0,0.0,0.0,0.0,0.0,0.0
1773804255.6880162,False,,,,,,,,,,,,,,,,,,0.0,0.0,0.0,0.0,0.0,0.0
1773804255.698035,False,,,,,,,,,,,,,,,,,,0.0,0.0,0.0,0.0,0.0,0.0
1773804255.708042,False,,,,,,,,,,,,,,,,,,0.0,0.0,0.0,0.0,0.0,0.0
1773804255.71784,False,,,,,,,,,,,,,,,,,,0.0,0.0,0.0,0.0,0.0,0.0
1773804255.7278454,False,,,,,,,,,,,,,,,,,,0.0,0.0,0.0,0.0,0.0,0.0
1773804255.7376604,False,,,,,,,,,,,,,,,,,,0.0,0.0,0.0,0.0,0.0,0.0
1773804255.7477221,False,,,,,,,,,,,,,,,,,,0.0,0.0,0.0,0.0,0.0,0.0
1773804255.7578814,False,,,,,,,,,,,,,,,,,,0.0,0.0,0.0,0.0,0.0,0.0
1773804255.7679982,False,,,,,,,,,,,,,,,,,,0.0,0.0,0.0,0.0,0.0,0.0
1773804255.7780514,False,,,,,,,,,,,,,,,,,,0.0,0.0,0.0,0.0,0.0,0.0
1773804255.7877336,False,,,,,,,,,,,,,,,,,,0.0,0.0,0.0,0.0,0.0,0.0
1773804255.797785,False,,,,,,,,,,,,,,,,,,0.0,0.0,0.0,0.0,0.0,0.0
1773804255.8079402,False,,,,,,,,,,,,,,,,,,0.0,0.0,0.0,0.0,0.0,0.0
1773804255.817746,False,,,,,,,,,,,,,,,,,,0.0,0.0,0.0,0.0,0.0,0.0
1773804255.827649,False,,,,,,,,,,,,,,,,,,0.0,0.0,0.0,0.0,0.0,0.0
1773804255.838055,False,,,,,,,,,,,,,,,,,,0.0,0.0,0.0,0.0,0.0,0.0
1773804255.8477025,False,,,,,,,,,,,,,,,,,,0.0,0.0,0.0,0.0,0.0,0.0
1773804255.8578436,False,,,,,,,,,,,,,,,,,,0.0,0.0,0.0,0.0,0.0,0.0
1773804255.8677068,False,,,,,,,,,,,,,,,,,,0.0,0.0,0.0,0.0,0.0,0.0
1773804255.8775337,False,,,,,,,,,,,,,,,,,,0.0,0.0,0.0,0.0,0.0,0.0
1773804255.887563,False,,,,,,,,,,,,,,,,,,0.0,0.0,0.0,0.0,0.0,0.0
1773804255.89776,False,,,,,,,,,,,,,,,,,,0.0,0.0,0.0,0.0,0.0,0.0
1773804255.9078345,False,,,,,,,,,,,,,,,,,,0.0,0.0,0.0,0.0,0.0,0.0
1773804255.9178655,False,,,,,,,,,,,,,,,,,,0.0,0.0,0.0,0.0,0.0,0.0
1773804255.927525,False,,,,,,,,,,,,,,,,,,0.0,0.0,0.0,0.0,0.0,0.0
1773804255.937544,False,,,,,,,,,,,,,,,,,,0.0,0.0,0.0,0.0,0.0,0.0
1773804255.9477973,False,,,,,,,,,,,,,,,,,,0.0,0.0,0.0,0.0,0.0,0.0
1773804255.9580252,False,,,,,,,,,,,,,,,,,,0.0,0.0,0.0,0.0,0.0,0.0
1773804255.9675815,False,,,,,,,,,,,,,,,,,,0.0,0.0,0.0,0.0,0.0,0.0
1773804255.97807,False,,,,,,,,,,,,,,,,,,0.0,0.0,0.0,0.0,0.0,0.0
1773804255.987586,False,,,,,,,,,,,,,,,,,,0.0,0.0,0.0,0.0,0.0,0.0
1773804255.9977171,False,,,,,,,,,,,,,,,,,,0.0,0.0,0.0,0.0,0.0,0.0
1773804256.0079818,False,,,,,,,,,,,,,,,,,,0.0,0.0,0.0,0.0,0.0,0.0
1773804256.0177786,False,,,,,,,,,,,,,,,,,,0.0,0.0,0.0,0.0,0.0,0.0
1773804256.027737,False,,,,,,,,,,,,,,,,,,0.0,0.0,0.0,0.0,0.0,0.0
1773804256.0376277,False,,,,,,,,,,,,,,,,,,0.0,0.0,0.0,0.0,0.0,0.0
1773804256.04771,False,,,,,,,,,,,,,,,,,,0.0,0.0,0.0,0.0,0.0,0.0
1773804256.0575702,False,,,,,,,,,,,,,,,,,,0.0,0.0,0.0,0.0,0.0,0.0
1773804256.0681038,False,,,,,,,,,,,,,,,,,,0.0,0.0,0.0,0.0,0.0,0.0
1773804256.078646,False,,,,,,,,,,,,,,,,,,0.0,0.0,0.0,0.0,0.0,0.0
1773804256.0881746,False,,,,,,,,,,,,,,,,,,0.0,0.0,0.0,0.0,0.0,0.0
1773804256.0977445,False,,,,,,,,,,,,,,,,,,0.0,0.0,0.0,0.0,0.0,0.0
1773804256.1078665,False,,,,,,,,,,,,,,,,,,0.0,0.0,0.0,0.0,0.0,0.0
1773804256.1179125,False,,,,,,,,,,,,,,,,,,0.0,0.0,0.0,0.0,0.0,0.0
1773804256.128363,False,,,,,,,,,,,,,,,,,,0.0,0.0,0.0,0.0,0.0,0.0
1773804256.137787,False,,,,,,,,,,,,,,,,,,0.0,0.0,0.0,0.0,0.0,0.0
1773804256.1478174,False,,,,,,,,,,,,,,,,,,0.0,0.0,0.0,0.0,0.0,0.0
1773804256.1579618,False,,,,,,,,,,,,,,,,,,0.0,0.0,0.0,0.0,0.0,0.0
1773804256.1685696,False,,,,,,,,,,,,,,,,,,0.0,0.0,0.0,0.0,0.0,0.0
1773804256.1781929,False,,,,,,,,,,,,,,,,,,0.0,0.0,0.0,0.0,0.0,0.0
1773804256.1877723,False,,,,,,,,,,,,,,,,,,0.0,0.0,0.0,0.0,0.0,0.0
1773804256.1979053,False,,,,,,,,,,,,,,,,,,0.0,0.0,0.0,0.0,0.0,0.0
1773804256.2076888,False,,,,,,,,,,,,,,,,,,0.0,0.0,0.0,0.0,0.0,0.0
1773804256.2178574,False,,,,,,,,,,,,,,,,,,0.0,0.0,0.0,0.0,0.0,0.0
1773804256.228213,False,,,,,,,,,,,,,,,,,,0.0,0.0,0.0,0.0,0.0,0.0
1773804256.2376602,False,,,,,,,,,,,,,,,,,,0.0,0.0,0.0,0.0,0.0,0.0
1773804256.2475493,False,,,,,,,,,,,,,,,,,,0.0,0.0,0.0,0.0,0.0,0.0
1773804256.2575815,False,,,,,,,,,,,,,,,,,,0.0,0.0,0.0,0.0,0.0,0.0
1773804256.2674692,False,,,,,,,,,,,,,,,,,,0.0,0.0,0.0,0.0,0.0,0.0
1773804256.2777429,False,,,,,,,,,,,,,,,,,,0.0,0.0,0.0,0.0,0.0,0.0
1773804256.2877963,False,,,,,,,,,,,,,,,,,,0.0,0.0,0.0,0.0,0.0,0.0
1773804256.2978926,False,,,,,,,,,,,,,,,,,,0.0,0.0,0.0,0.0,0.0,0.0
1773804256.3075485,False,,,,,,,,,,,,,,,,,,0.0,0.0,0.0,0.0,0.0,0.0
1773804256.317594,False,,,,,,,,,,,,,,,,,,0.0,0.0,0.0,0.0,0.0,0.0
1773804256.3275592,False,,,,,,,,,,,,,,,,,,0.0,0.0,0.0,0.0,0.0,0.0
1773804256.3385541,False,,,,,,,,,,,,,,,,,,0.0,0.0,0.0,0.0,0.0,0.0
1773804256.3475597,False,,,,,,,,,,,,,,,,,,0.0,0.0,0.0,0.0,0.0,0.0
1773804256.3580446,False,,,,,,,,,,,,,,,,,,0.0,0.0,0.0,0.0,0.0,0.0
1773804256.3677197,False,,,,,,,,,,,,,,,,,,0.0,0.0,0.0,0.0,0.0,0.0
1773804256.3779154,False,,,,,,,,,,,,,,,,,,0.0,0.0,0.0,0.0,0.0,0.0
1773804256.3875382,False,,,,,,,,,,,,,,,,,,0.0,0.0,0.0,0.0,0.0,0.0
1773804256.3974516,False,,,,,,,,,,,,,,,,,,0.0,0.0,0.0,0.0,0.0,0.0
1773804256.4075623,False,,,,,,,,,,,,,,,,,,0.0,0.0,0.0,0.0,0.0,0.0
1773804256.4178839,False,,,,,,,,,,,,,,,,,,0.0,0.0,0.0,0.0,0.0,0.0
1773804256.4275959,False,,,,,,,,,,,,,,,,,,0.0,0.0,0.0,0.0,0.0,0.0
1773804256.4376338,False,,,,,,,,,,,,,,,,,,0.0,0.0,0.0,0.0,0.0,0.0
1773804256.4478455,False,,,,,,,,,,,,,,,,,,0.0,0.0,0.0,0.0,0.0,0.0
1773804256.4575634,False,,,,,,,,,,,,,,,,,,0.0,0.0,0.0,0.0,0.0,0.0
1773804256.467667,False,,,,,,,,,,,,,,,,,,0.0,0.0,0.0,0.0,0.0,0.0
1773804256.478123,False,,,,,,,,,,,,,,,,,,0.0,0.0,0.0,0.0,0.0,0.0
1773804256.4879394,False,,,,,,,,,,,,,,,,,,0.0,0.0,0.0,0.0,0.0,0.0
1773804256.4977574,False,,,,,,,,,,,,,,,,,,0.0,0.0,0.0,0.0,0.0,0.0
1773804256.5079913,False,,,,,,,,,,,,,,,,,,0.0,0.0,0.0,0.0,0.0,0.0
1773804256.517746,False,,,,,,,,,,,,,,,,,,0.0,0.0,0.0,0.0,0.0,0.0
1773804256.5278811,False,,,,,,,,,,,,,,,,,,0.0,0.0,0.0,0.0,0.0,0.0
1773804256.537888,False,,,,,,,,,,,,,,,,,,0.0,0.0,0.0,0.0,0.0,0.0
1773804256.5480423,False,,,,,,,,,,,,,,,,,,0.0,0.0,0.0,0.0,0.0,0.0
1773804256.5580332,False,,,,,,,,,,,,,,,,,,0.0,0.0,0.0,0.0,0.0,0.0
1773804256.567717,False,,,,,,,,,,,,,,,,,,0.0,0.0,0.0,0.0,0.0,0.0
1773804256.5779846,False,,,,,,,,,,,,,,,,,,0.0,0.0,0.0,0.0,0.0,0.0
1773804256.5875268,False,,,,,,,,,,,,,,,,,,0.0,0.0,0.0,0.0,0.0,0.0
1773804256.5981758,False,,,,,,,,,,,,,,,,,,0.0,0.0,0.0,0.0,0.0,0.0
1773804256.60816,False,,,,,,,,,,,,,,,,,,0.0,0.0,0.0,0.0,0.0,0.0
1773804256.6175663,False,,,,,,,,,,,,,,,,,,0.0,0.0,0.0,0.0,0.0,0.0
1773804256.6277204,False,,,,,,,,,,,,,,,,,,0.0,0.0,0.0,0.0,0.0,0.0
1773804256.6375673,False,,,,,,,,,,,,,,,,,,0.0,0.0,0.0,0.0,0.0,0.0
1773804256.6476011,False,,,,,,,,,,,,,,,,,,0.0,0.0,0.0,0.0,0.0,0.0
1773804256.6577036,False,,,,,,,,,,,,,,,,,,0.0,0.0,0.0,0.0,0.0,0.0
1773804256.6679392,False,,,,,,,,,,,,,,,,,,0.0,0.0,0.0,0.0,0.0,0.0
1773804256.6779847,False,,,,,,,,,,,,,,,,,,0.0,0.0,0.0,0.0,0.0,0.0
1773804256.6876378,False,,,,,,,,,,,,,,,,,,0.0,0.0,0.0,0.0,0.0,0.0
1773804256.6977694,False,,,,,,,,,,,,,,,,,,0.0,0.0,0.0,0.0,0.0,0.0
1773804256.707581,False,,,,,,,,,,,,,,,,,,0.0,0.0,0.0,0.0,0.0,0.0
1773804256.7177684,False,,,,,,,,,,,,,,,,,,0.0,0.0,0.0,0.0,0.0,0.0
1773804256.7277756,False,,,,,,,,,,,,,,,,,,0.0,0.0,0.0,0.0,0.0,0.0
1773804256.7379274,False,,,,,,,,,,,,,,,,,,0.0,0.0,0.0,0.0,0.0,0.0
1773804256.7479653,False,,,,,,,,,,,,,,,,,,0.0,0.0,0.0,0.0,0.0,0.0
1773804256.7579932,False,,,,,,,,,,,,,,,,,,0.0,0.0,0.0,0.0,0.0,0.0
1773804256.7676024,False,,,,,,,,,,,,,,,,,,0.0,0.0,0.0,0.0,0.0,0.0
1773804256.7776518,False,,,,,,,,,,,,,,,,,,0.0,0.0,0.0,0.0,0.0,0.0
1773804256.7877219,False,,,,,,,,,,,,,,,,,,0.0,0.0,0.0,0.0,0.0,0.0
1773804256.7974677,False,,,,,,,,,,,,,,,,,,0.0,0.0,0.0,0.0,0.0,0.0
1773804256.8075583,False,,,,,,,,,,,,,,,,,,0.0,0.0,0.0,0.0,0.0,0.0
1773804256.8175576,False,,,,,,,,,,,,,,,,,,0.0,0.0,0.0,0.0,0.0,0.0
1773804256.8276284,False,,,,,,,,,,,,,,,,,,0.0,0.0,0.0,0.0,0.0,0.0
1773804256.8376217,False,,,,,,,,,,,,,,,,,,0.0,0.0,0.0,0.0,0.0,0.0
1773804256.8478177,False,,,,,,,,,,,,,,,,,,0.0,0.0,0.0,0.0,0.0,0.0
1773804256.8580186,False,,,,,,,,,,,,,,,,,,0.0,0.0,0.0,0.0,0.0,0.0
1773804256.867751,False,,,,,,,,,,,,,,,,,,0.0,0.0,0.0,0.0,0.0,0.0
1773804256.8778536,False,,,,,,,,,,,,,,,,,,0.0,0.0,0.0,0.0,0.0,0.0
1773804256.888417,False,,,,,,,,,,,,,,,,,,0.0,0.0,0.0,0.0,0.0,0.0
1773804256.8981452,False,,,,,,,,,,,,,,,,,,0.0,0.0,0.0,0.0,0.0,0.0
1773804256.9081419,False,,,,,,,,,,,,,,,,,,0.0,0.0,0.0,0.0,0.0,0.0
1773804256.917989,False,,,,,,,,,,,,,,,,,,0.0,0.0,0.0,0.0,0.0,0.0
1773804256.9277985,False,,,,,,,,,,,,,,,,,,0.0,0.0,0.0,0.0,0.0,0.0
1773804256.9378808,False,,,,,,,,,,,,,,,,,,0.0,0.0,0.0,0.0,0.0,0.0
1773804256.9477592,False,,,,,,,,,,,,,,,,,,0.0,0.0,0.0,0.0,0.0,0.0
1773804256.9577672,False,,,,,,,,,,,,,,,,,,0.0,0.0,0.0,0.0,0.0,0.0
1773804256.96774,False,,,,,,,,,,,,,,,,,,0.0,0.0,0.0,0.0,0.0,0.0
1773804256.9779484,False,,,,,,,,,,,,,,,,,,0.0,0.0,0.0,0.0,0.0,0.0
1773804256.9876883,False,,,,,,,,,,,,,,,,,,0.0,0.0,0.0,0.0,0.0,0.0
1773804256.9977856,False,,,,,,,,,,,,,,,,,,0.0,0.0,0.0,0.0,0.0,0.0
1773804257.0080307,False,,,,,,,,,,,,,,,,,,0.0,0.0,0.0,0.0,0.0,0.0
1773804257.017641,False,,,,,,,,,,,,,,,,,,0.0,0.0,0.0,0.0,0.0,0.0
1773804257.027812,False,,,,,,,,,,,,,,,,,,0.0,0.0,0.0,0.0,0.0,0.0
1773804257.0378482,False,,,,,,,,,,,,,,,,,,0.0,0.0,0.0,0.0,0.0,0.0
1773804257.0475547,False,,,,,,,,,,,,,,,,,,0.0,0.0,0.0,0.0,0.0,0.0
1773804257.057781,False,,,,,,,,,,,,,,,,,,0.0,0.0,0.0,0.0,0.0,0.0
1773804257.0680144,False,,,,,,,,,,,,,,,,,,0.0,0.0,0.0,0.0,0.0,0.0
1773804257.0781262,False,,,,,,,,,,,,,,,,,,0.0,0.0,0.0,0.0,0.0,0.0
1773804257.0882328,False,,,,,,,,,,,,,,,,,,0.0,0.0,0.0,0.0,0.0,0.0
1773804257.0979166,False,,,,,,,,,,,,,,,,,,0.0,0.0,0.0,0.0,0.0,0.0
1773804257.108012,False,,,,,,,,,,,,,,,,,,0.0,0.0,0.0,0.0,0.0,0.0
1773804257.1180673,False,,,,,,,,,,,,,,,,,,0.0,0.0,0.0,0.0,0.0,0.0
1773804257.1276562,False,,,,,,,,,,,,,,,,,,0.0,0.0,0.0,0.0,0.0,0.0
1773804257.138064,False,,,,,,,,,,,,,,,,,,0.0,0.0,0.0,0.0,0.0,0.0
1773804257.1481886,False,,,,,,,,,,,,,,,,,,0.0,0.0,0.0,0.0,0.0,0.0
1773804257.1580253,False,,,,,,,,,,,,,,,,,,0.0,0.0,0.0,0.0,0.0,0.0
1773804257.1676877,False,,,,,,,,,,,,,,,,,,0.0,0.0,0.0,0.0,0.0,0.0
1773804257.1775997,False,,,,,,,,,,,,,,,,,,0.0,0.0,0.0,0.0,0.0,0.0
1773804257.1876302,False,,,,,,,,,,,,,,,,,,0.0,0.0,0.0,0.0,0.0,0.0
1773804257.1983237,False,,,,,,,,,,,,,,,,,,0.0,0.0,0.0,0.0,0.0,0.0
1773804257.207852,False,,,,,,,,,,,,,,,,,,0.0,0.0,0.0,0.0,0.0,0.0
1773804257.2178562,False,,,,,,,,,,,,,,,,,,0.0,0.0,0.0,0.0,0.0,0.0
1773804257.2275991,False,,,,,,,,,,,,,,,,,,0.0,0.0,0.0,0.0,0.0,0.0
1773804257.2376332,False,,,,,,,,,,,,,,,,,,0.0,0.0,0.0,0.0,0.0,0.0
1773804257.2477024,False,,,,,,,,,,,,,,,,,,0.0,0.0,0.0,0.0,0.0,0.0
1773804257.2578967,False,,,,,,,,,,,,,,,,,,0.0,0.0,0.0,0.0,0.0,0.0
1773804257.2678432,False,,,,,,,,,,,,,,,,,,0.0,0.0,0.0,0.0,0.0,0.0
1773804257.277781,False,,,,,,,,,,,,,,,,,,0.0,0.0,0.0,0.0,0.0,0.0
1773804257.2876158,False,,,,,,,,,,,,,,,,,,0.0,0.0,0.0,0.0,0.0,0.0
1773804257.2978444,False,,,,,,,,,,,,,,,,,,0.0,0.0,0.0,0.0,0.0,0.0
1773804257.3076026,False,,,,,,,,,,,,,,,,,,0.0,0.0,0.0,0.0,0.0,0.0
1773804257.3176892,False,,,,,,,,,,,,,,,,,,0.0,0.0,0.0,0.0,0.0,0.0
1773804257.3277037,False,,,,,,,,,,,,,,,,,,0.0,0.0,0.0,0.0,0.0,0.0
1773804257.3378668,False,,,,,,,,,,,,,,,,,,0.0,0.0,0.0,0.0,0.0,0.0
1773804257.347691,False,,,,,,,,,,,,,,,,,,0.0,0.0,0.0,0.0,0.0,0.0
1773804257.3580475,False,,,,,,,,,,,,,,,,,,0.0,0.0,0.0,0.0,0.0,0.0
1773804257.3679566,False,,,,,,,,,,,,,,,,,,0.0,0.0,0.0,0.0,0.0,0.0
1773804257.377897,False,,,,,,,,,,,,,,,,,,0.0,0.0,0.0,0.0,0.0,0.0
1773804257.3879342,False,,,,,,,,,,,,,,,,,,0.0,0.0,0.0,0.0,0.0,0.0
1773804257.3980923,False,,,,,,,,,,,,,,,,,,0.0,0.0,0.0,0.0,0.0,0.0
1773804257.4080055,False,,,,,,,,,,,,,,,,,,0.0,0.0,0.0,0.0,0.0,0.0
1773804257.4180644,False,,,,,,,,,,,,,,,,,,0.0,0.0,0.0,0.0,0.0,0.0
1773804257.427968,False,,,,,,,,,,,,,,,,,,0.0,0.0,0.0,0.0,0.0,0.0
1773804257.4376762,False,,,,,,,,,,,,,,,,,,0.0,0.0,0.0,0.0,0.0,0.0
1773804257.4478312,False,,,,,,,,,,,,,,,,,,0.0,0.0,0.0,0.0,0.0,0.0
1773804257.4579182,False,,,,,,,,,,,,,,,,,,0.0,0.0,0.0,0.0,0.0,0.0
1773804257.4681516,False,,,,,,,,,,,,,,,,,,0.0,0.0,0.0,0.0,0.0,0.0
1773804257.4781668,False,,,,,,,,,,,,,,,,,,0.0,0.0,0.0,0.0,0.0,0.0
1773804257.487759,False,,,,,,,,,,,,,,,,,,0.0,0.0,0.0,0.0,0.0,0.0
1773804257.4983397,False,,,,,,,,,,,,,,,,,,0.0,0.0,0.0,0.0,0.0,0.0
1773804257.5081978,False,,,,,,,,,,,,,,,,,,0.0,0.0,0.0,0.0,0.0,0.0
1773804257.5177128,False,,,,,,,,,,,,,,,,,,0.0,0.0,0.0,0.0,0.0,0.0
1773804257.5277808,False,,,,,,,,,,,,,,,,,,0.0,0.0,0.0,0.0,0.0,0.0
1773804257.5377624,False,,,,,,,,,,,,,,,,,,0.0,0.0,0.0,0.0,0.0,0.0
1773804257.5480855,False,,,,,,,,,,,,,,,,,,0.0,0.0,0.0,0.0,0.0,0.0
1773804257.5578945,False,,,,,,,,,,,,,,,,,,0.0,0.0,0.0,0.0,0.0,0.0
1773804257.5678244,False,,,,,,,,,,,,,,,,,,0.0,0.0,0.0,0.0,0.0,0.0
1773804257.578056,False,,,,,,,,,,,,,,,,,,0.0,0.0,0.0,0.0,0.0,0.0
1773804257.588068,False,,,,,,,,,,,,,,,,,,0.0,0.0,0.0,0.0,0.0,0.0
1773804257.5977452,False,,,,,,,,,,,,,,,,,,0.0,0.0,0.0,0.0,0.0,0.0
1773804257.60781,False,,,,,,,,,,,,,,,,,,0.0,0.0,0.0,0.0,0.0,0.0
1773804257.6176217,False,,,,,,,,,,,,,,,,,,0.0,0.0,0.0,0.0,0.0,0.0
1773804257.627591,False,,,,,,,,,,,,,,,,,,0.0,0.0,0.0,0.0,0.0,0.0
1773804257.6379504,False,,,,,,,,,,,,,,,,,,0.0,0.0,0.0,0.0,0.0,0.0
1773804257.6477537,False,,,,,,,,,,,,,,,,,,0.0,0.0,0.0,0.0,0.0,0.0
1773804257.6577823,False,,,,,,,,,,,,,,,,,,0.0,0.0,0.0,0.0,0.0,0.0
1773804257.6678138,False,,,,,,,,,,,,,,,,,,0.0,0.0,0.0,0.0,0.0,0.0
1773804257.6779895,False,,,,,,,,,,,,,,,,,,0.0,0.0,0.0,0.0,0.0,0.0
1773804257.6882172,False,,,,,,,,,,,,,,,,,,0.0,0.0,0.0,0.0,0.0,0.0
1773804257.6980977,False,,,,,,,,,,,,,,,,,,0.0,0.0,0.0,0.0,0.0,0.0
1773804257.708061,False,,,,,,,,,,,,,,,,,,0.0,0.0,0.0,0.0,0.0,0.0
1773804257.7178547,False,,,,,,,,,,,,,,,,,,0.0,0.0,0.0,0.0,0.0,0.0
1773804257.727908,False,,,,,,,,,,,,,,,,,,0.0,0.0,0.0,0.0,0.0,0.0
1773804257.738034,False,,,,,,,,,,,,,,,,,,0.0,0.0,0.0,0.0,0.0,0.0
1773804257.7475522,False,,,,,,,,,,,,,,,,,,0.0,0.0,0.0,0.0,0.0,0.0
1773804257.7577956,False,,,,,,,,,,,,,,,,,,0.0,0.0,0.0,0.0,0.0,0.0
1773804257.767811,False,,,,,,,,,,,,,,,,,,0.0,0.0,0.0,0.0,0.0,0.0
1773804257.7778604,False,,,,,,,,,,,,,,,,,,0.0,0.0,0.0,0.0,0.0,0.0
1773804257.7878754,False,,,,,,,,,,,,,,,,,,0.0,0.0,0.0,0.0,0.0,0.0
1773804257.7980106,False,,,,,,,,,,,,,,,,,,0.0,0.0,0.0,0.0,0.0,0.0
1773804257.8078022,False,,,,,,,,,,,,,,,,,,0.0,0.0,0.0,0.0,0.0,0.0
1773804257.8178189,False,,,,,,,,,,,,,,,,,,0.0,0.0,0.0,0.0,0.0,0.0
1773804257.8279717,False,,,,,,,,,,,,,,,,,,0.0,0.0,0.0,0.0,0.0,0.0
1773804257.8378072,False,,,,,,,,,,,,,,,,,,0.0,0.0,0.0,0.0,0.0,0.0
1773804257.84799,False,,,,,,,,,,,,,,,,,,0.0,0.0,0.0,0.0,0.0,0.0
1773804257.857731,False,,,,,,,,,,,,,,,,,,0.0,0.0,0.0,0.0,0.0,0.0
1773804257.8681815,False,,,,,,,,,,,,,,,,,,0.0,0.0,0.0,0.0,0.0,0.0
1773804257.8777943,False,,,,,,,,,,,,,,,,,,0.0,0.0,0.0,0.0,0.0,0.0
1773804257.8878393,False,,,,,,,,,,,,,,,,,,0.0,0.0,0.0,0.0,0.0,0.0
1773804257.8977025,False,,,,,,,,,,,,,,,,,,0.0,0.0,0.0,0.0,0.0,0.0
1773804257.907754,False,,,,,,,,,,,,,,,,,,0.0,0.0,0.0,0.0,0.0,0.0
1773804257.9182878,False,,,,,,,,,,,,,,,,,,0.0,0.0,0.0,0.0,0.0,0.0
1773804257.9275403,False,,,,,,,,,,,,,,,,,,0.0,0.0,0.0,0.0,0.0,0.0
1773804257.9381442,False,,,,,,,,,,,,,,,,,,0.0,0.0,0.0,0.0,0.0,0.0
1773804257.948181,False,,,,,,,,,,,,,,,,,,0.0,0.0,0.0,0.0,0.0,0.0
1773804257.9579792,False,,,,,,,,,,,,,,,,,,0.0,0.0,0.0,0.0,0.0,0.0
1773804257.9678383,False,,,,,,,,,,,,,,,,,,0.0,0.0,0.0,0.0,0.0,0.0
1773804257.97806,False,,,,,,,,,,,,,,,,,,0.0,0.0,0.0,0.0,0.0,0.0
1773804257.9877837,False,,,,,,,,,,,,,,,,,,0.0,0.0,0.0,0.0,0.0,0.0
1773804257.9980779,False,,,,,,,,,,,,,,,,,,0.0,0.0,0.0,0.0,0.0,0.0
1773804258.0078218,False,,,,,,,,,,,,,,,,,,0.0,0.0,0.0,0.0,0.0,0.0
1773804258.017664,False,,,,,,,,,,,,,,,,,,0.0,0.0,0.0,0.0,0.0,0.0
1773804258.0280268,False,,,,,,,,,,,,,,,,,,0.0,0.0,0.0,0.0,0.0,0.0
1773804258.0383337,False,,,,,,,,,,,,,,,,,,0.0,0.0,0.0,0.0,0.0,0.0
1773804258.0480797,False,,,,,,,,,,,,,,,,,,0.0,0.0,0.0,0.0,0.0,0.0
1773804258.0581708,False,,,,,,,,,,,,,,,,,,0.0,0.0,0.0,0.0,0.0,0.0
1773804258.067785,False,,,,,,,,,,,,,,,,,,0.0,0.0,0.0,0.0,0.0,0.0
1773804258.0777652,False,,,,,,,,,,,,,,,,,,0.0,0.0,0.0,0.0,0.0,0.0
1773804258.088293,False,,,,,,,,,,,,,,,,,,0.0,0.0,0.0,0.0,0.0,0.0
1773804258.0986497,False,,,,,,,,,,,,,,,,,,0.0,0.0,0.0,0.0,0.0,0.0
1773804258.1077187,False,,,,,,,,,,,,,,,,,,0.0,0.0,0.0,0.0,0.0,0.0
1773804258.1176548,False,,,,,,,,,,,,,,,,,,0.0,0.0,0.0,0.0,0.0,0.0
1773804258.1279798,False,,,,,,,,,,,,,,,,,,0.0,0.0,0.0,0.0,0.0,0.0
1773804258.1379962,False,,,,,,,,,,,,,,,,,,0.0,0.0,0.0,0.0,0.0,0.0
1773804258.1481364,False,,,,,,,,,,,,,,,,,,0.0,0.0,0.0,0.0,0.0,0.0
1773804258.1581945,False,,,,,,,,,,,,,,,,,,0.0,0.0,0.0,0.0,0.0,0.0
1773804258.1679196,False,,,,,,,,,,,,,,,,,,0.0,0.0,0.0,0.0,0.0,0.0
1773804258.177866,False,,,,,,,,,,,,,,,,,,0.0,0.0,0.0,0.0,0.0,0.0
1773804258.1877437,False,,,,,,,,,,,,,,,,,,0.0,0.0,0.0,0.0,0.0,0.0
1773804258.1978738,False,,,,,,,,,,,,,,,,,,0.0,0.0,0.0,0.0,0.0,0.0
1773804258.207975,False,,,,,,,,,,,,,,,,,,0.0,0.0,0.0,0.0,0.0,0.0
1773804258.2176774,False,,,,,,,,,,,,,,,,,,0.0,0.0,0.0,0.0,0.0,0.0
1773804258.2279615,False,,,,,,,,,,,,,,,,,,0.0,0.0,0.0,0.0,0.0,0.0
